--
-- PostgreSQL database dump
--

-- Dumped from database version 15.2
-- Dumped by pg_dump version 15.2

SET statement_timeout = 0;
SET lock_timeout = 0;
SET idle_in_transaction_session_timeout = 0;
SET client_encoding = 'UTF8';
SET standard_conforming_strings = on;
SELECT pg_catalog.set_config('search_path', '', false);
SET check_function_bodies = false;
SET xmloption = content;
SET client_min_messages = warning;
SET row_security = off;

SET default_tablespace = '';

SET default_table_access_method = heap;

--
-- Name: League; Type: TABLE; Schema: public; Owner: postgres
--

CREATE TABLE public."League" (
    "ID" integer NOT NULL,
    name character varying(255) NOT NULL,
    "Date_last_match" timestamp without time zone NOT NULL,
    score_pred boolean NOT NULL,
    matches_on_tour integer
);


ALTER TABLE public."League" OWNER TO postgres;

--
-- Name: Matches; Type: TABLE; Schema: public; Owner: postgres
--

CREATE TABLE public."Matches" (
    "ID" integer NOT NULL,
    "Championship_ID" integer NOT NULL,
    "Home_team_ID" integer NOT NULL,
    "Away_team_ID" integer NOT NULL,
    "Predicted_home_team_goals" double precision NOT NULL,
    "Predicted_away_team_goals" double precision NOT NULL,
    "Actual_home_team_goals" integer,
    "Actual_away_team_goals" integer,
    "Match_status" character varying(15) NOT NULL,
    "Match_date" integer NOT NULL
);


ALTER TABLE public."Matches" OWNER TO postgres;

--
-- Name: Matches_ID_seq; Type: SEQUENCE; Schema: public; Owner: postgres
--

CREATE SEQUENCE public."Matches_ID_seq"
    AS integer
    START WITH 1
    INCREMENT BY 1
    NO MINVALUE
    NO MAXVALUE
    CACHE 1;


ALTER TABLE public."Matches_ID_seq" OWNER TO postgres;

--
-- Name: Matches_ID_seq; Type: SEQUENCE OWNED BY; Schema: public; Owner: postgres
--

ALTER SEQUENCE public."Matches_ID_seq" OWNED BY public."Matches"."ID";


--
-- Name: Team_Data_for_1-15_Matches; Type: TABLE; Schema: public; Owner: postgres
--

CREATE TABLE public."Team_Data_for_1-15_Matches" (
    "ID" integer NOT NULL,
    "Match_ID" integer NOT NULL,
    "Position" character varying(4) NOT NULL,
    "Goals_scored" integer NOT NULL,
    "Shots_on_target" integer,
    "Expected_Goals_XG" double precision,
    "Team_ID" integer NOT NULL,
    "Match_recency" character varying(10) NOT NULL,
    "Match_date" integer NOT NULL
);


ALTER TABLE public."Team_Data_for_1-15_Matches" OWNER TO postgres;

--
-- Name: Team_Data_for_1-15_Matches_ID_seq; Type: SEQUENCE; Schema: public; Owner: postgres
--

CREATE SEQUENCE public."Team_Data_for_1-15_Matches_ID_seq"
    AS integer
    START WITH 1
    INCREMENT BY 1
    NO MINVALUE
    NO MAXVALUE
    CACHE 1;


ALTER TABLE public."Team_Data_for_1-15_Matches_ID_seq" OWNER TO postgres;

--
-- Name: Team_Data_for_1-15_Matches_ID_seq; Type: SEQUENCE OWNED BY; Schema: public; Owner: postgres
--

ALTER SEQUENCE public."Team_Data_for_1-15_Matches_ID_seq" OWNED BY public."Team_Data_for_1-15_Matches"."ID";


--
-- Name: Teams; Type: TABLE; Schema: public; Owner: postgres
--

CREATE TABLE public."Teams" (
    "ID" integer NOT NULL,
    name character varying(255) NOT NULL,
    league_id integer NOT NULL
);


ALTER TABLE public."Teams" OWNER TO postgres;

--
-- Name: Matches ID; Type: DEFAULT; Schema: public; Owner: postgres
--

ALTER TABLE ONLY public."Matches" ALTER COLUMN "ID" SET DEFAULT nextval('public."Matches_ID_seq"'::regclass);


--
-- Name: Team_Data_for_1-15_Matches ID; Type: DEFAULT; Schema: public; Owner: postgres
--

ALTER TABLE ONLY public."Team_Data_for_1-15_Matches" ALTER COLUMN "ID" SET DEFAULT nextval('public."Team_Data_for_1-15_Matches_ID_seq"'::regclass);


--
-- Data for Name: League; Type: TABLE DATA; Schema: public; Owner: postgres
--

COPY public."League" ("ID", name, "Date_last_match", score_pred, matches_on_tour) FROM stdin;
235	Российская Премьер-Лига	2023-04-17 00:00:00	f	8
39	Английская Премьер-Лига	2023-04-18 03:00:00	t	12
\.


--
-- Data for Name: Matches; Type: TABLE DATA; Schema: public; Owner: postgres
--

COPY public."Matches" ("ID", "Championship_ID", "Home_team_ID", "Away_team_ID", "Predicted_home_team_goals", "Predicted_away_team_goals", "Actual_home_team_goals", "Actual_away_team_goals", "Match_status", "Match_date") FROM stdin;
868259	39	51	50	2.352	1.557	1	1	Прогноз	1684954800
868264	39	33	49	1.414	1.399	4	1	Прогноз	1685041200
868311	39	34	46	2.826	1.881	0	0	Прогноз	1684782000
880091	235	558	2011	2.183	1.054	0	0	Прошедший	1685271600
880092	235	779	1085	0.733	1.784	3	2	Прошедший	1685289600
880093	235	621	555	2.098	1.962	0	0	Прошедший	1685203200
880094	235	1088	597	2.246	1.876	2	4	Прошедший	1685280600
880095	235	2012	596	0.638	2.316	1	1	Прошедший	1685203200
880096	235	3985	1080	0.9	1.182	1	3	Прошедший	1685194200
880097	235	1993	1079	1.137	1.028	2	1	Прошедший	1685280600
880098	235	1994	1084	0.872	1.08	0	3	Прошедший	1685185200
868318	39	55	50	1.455	1.557	1	0	Прогноз	1685287800
868320	39	52	65	0.807	1.416	1	1	Прогноз	1685287800
868319	39	49	34	1.653	1.923	1	1	Прогноз	1685287800
868321	39	45	35	2.609	1.023	1	0	Прогноз	1685287800
868322	39	63	47	1.301	1.41	1	4	Прогноз	1685287800
868324	39	33	36	1.414	1.313	2	1	Прогноз	1685287800
868325	39	41	40	1.674	1.238	4	4	Прогноз	1685287800
868317	39	66	51	1.14	1.639	2	1	Прогноз	1685287800
868316	39	42	39	2.09	1.104	5	0	Прогноз	1685287800
868314	39	48	63	1.325	1.011	3	1	Прошедший	1684672200
868307	39	51	41	2.688	0.98	3	1	Прошедший	1684674000
868310	39	50	49	2.69	1.212	1	0	Прошедший	1684681200
868193	39	34	51	2.826	1.862	4	1	Прошедший	1684434600
868313	39	47	55	1.87	0.972	1	3	Прошедший	1684582200
868306	39	35	33	0.825	1.97	0	1	Прошедший	1684591200
868308	39	36	52	1.276	1.083	2	2	Прошедший	1684591200
868309	39	40	66	3.335	0.851	1	1	Прошедший	1684591200
868315	39	39	45	0.634	1.371	1	1	Прошедший	1684591200
868312	39	65	42	1.713	1.818	1	0	Прошедший	1684600200
880099	235	596	1993	2.103	0.699	\N	\N	Прогноз	1685800800
880100	235	1079	558	1.176	1.952	\N	\N	Прогноз	1685800800
880101	235	555	779	1.513	1.757	\N	\N	Прогноз	1685800800
880103	235	1085	621	3.455	1.495	\N	\N	Прогноз	1685800800
880102	235	597	3985	2.748	1.035	\N	\N	Прогноз	1685800800
880104	235	1080	1088	2.636	1.334	\N	\N	Прогноз	1685800800
880106	235	1084	2012	0.961	1.14	\N	\N	Прогноз	1685800800
880105	235	2011	1994	0.536	0.883	\N	\N	Прогноз	1685800800
\.


--
-- Data for Name: Team_Data_for_1-15_Matches; Type: TABLE DATA; Schema: public; Owner: postgres
--

COPY public."Team_Data_for_1-15_Matches" ("ID", "Match_ID", "Position", "Goals_scored", "Shots_on_target", "Expected_Goals_XG", "Team_ID", "Match_recency", "Match_date") FROM stdin;
580	880063	away	1	6	0.92	1994	middle	1682870400
53	880027	away	0	1	0.24	1084	long	1680364800
309	880023	away	1	4	0.63	3985	long	1679232600
570	880064	away	3	5	1.59	555	middle	1682775000
627	1022981	away	1	6	0.55	50	near	1683658800
301	880047	home	1	6	0.81	3985	middle	1681574400
312	880006	away	2	3	0.94	3985	long	1678023000
23	880020	away	0	1	0	596	long	1679243400
640	868243	away	4	8	2.91	50	long	1680971400
564	880052	away	3	6	1.48	621	middle	1682352000
22	880027	home	2	6	2	596	middle	1680364800
31	880037	home	3	8	2.24	555	middle	1681047000
107	880028	away	0	1	0.06	1085	middle	1680355800
563	880052	home	4	7	2.26	558	middle	1682352000
27	985646	away	3	5	3	596	long	1677324600
567	880061	home	1	4	0.65	1079	middle	1682766000
40	880015	home	4	6	1.33	555	long	1678627800
549	880058	home	4	7	2.89	1994	middle	1682161200
568	880061	away	5	10	5	596	middle	1682766000
106	880039	home	2	5	1.47	1085	middle	1680960600
653	868269	away	2	8	2.03	33	middle	1682622900
67	1011483	away	1	6	1	558	middle	1680616800
103	985647	away	2	2	2	2011	long	1677497400
566	880062	away	2	3	1.13	1993	middle	1682701200
24	880003	home	3	12	3.61	596	long	1677936600
25	1011974	home	1	4	1	596	long	1678899600
636	868275	home	4	9	2.53	50	middle	1682535600
619	1010827	home	1	9	1.65	42	middle	1678996800
623	868216	home	4	5	1.57	42	middle	1679234400
57	880018	away	1	4	0.79	1084	long	1678532400
61	880035	home	3	7	2.58	558	middle	1680971400
52	1011483	home	2	4	2	1084	middle	1680616800
56	880004	away	2	3	2.09	1084	long	1677927600
38	880033	away	2	6	1.54	555	long	1680442200
631	1011478	home	6	10	6	50	long	1679161500
37	1011485	home	1	4	1	555	middle	1680712200
632	971806	home	7	16	4.24	50	long	1678824000
628	868232	home	4	8	2.96	50	long	1680348600
557	880055	home	2	2	0.8	2011	middle	1682247600
565	880062	home	0	6	1.47	1088	middle	1682701200
552	880056	away	3	6	2.39	1080	middle	1682170200
579	880063	home	5	10	4.22	597	middle	1682870400
16	880038	away	2	5	2	596	middle	1681059600
101	1011977	home	0	1	0	2011	long	1678978800
26	880011	home	3	9	1.45	596	long	1678618800
649	868294	away	0	4	1.18	33	near	1683482400
70	1011482	home	1	2	1	558	long	1678813200
41	1011484	away	2	4	2	555	long	1678890600
555	880057	home	1	4	1.08	1084	middle	1682240400
569	880064	home	1	3	1.27	1085	middle	1682775000
42	880009	away	0	3	0.79	555	long	1678033800
666	868266	away	4	8	2.43	34	near	1682621100
659	868202	away	0	2	0.43	34	long	1677933000
661	868182	home	0	4	2.04	34	long	1676741400
660	998280	away	0	2	0	34	long	1677429000
76	880044	home	0	5	1.15	1079	middle	1681556400
85	1011484	home	2	2	2	1079	long	1678890600
54	1011482	away	1	5	1	1084	long	1678813200
55	880025	home	0	3	0.4	1084	long	1679138100
560	880054	away	0	2	0.47	2012	middle	1682256600
553	880051	home	3	8	3	596	middle	1682179200
561	880053	home	1	10	2.46	555	middle	1682267400
39	880020	home	1	7	0.62	555	long	1679243400
558	880055	away	1	4	0.97	1079	middle	1682247600
554	880051	away	1	3	0.39	1088	middle	1682179200
562	880053	away	1	2	0.99	597	middle	1682267400
556	880057	away	3	6	2.56	779	middle	1682240400
559	880054	home	1	6	1.37	1085	middle	1682256600
948	880086	home	1	3	0.77	597	near	1684580400
949	880086	away	0	2	1.24	1993	near	1684580400
950	880088	home	0	5	0.51	3985	near	1684589400
658	868213	home	2	8	1.81	34	long	1678638600
951	880088	away	3	6	2.76	1088	near	1684589400
46	880039	away	0	1	0.26	1084	middle	1680960600
952	880089	home	2	6	0.76	1080	near	1684589400
953	880089	away	2	5	1.54	596	near	1684589400
954	880087	home	3	6	0.77	1085	near	1684598400
313	945716	home	1	2	1	3985	long	1669467600
420	880017	home	0	2	1.16	2012	long	1678464000
82	880040	away	2	3	1.06	1079	middle	1681038000
326	880010	away	1	4	1.1	1994	long	1677859200
388	880016	away	1	1	0.48	597	long	1678541400
328	945710	away	1	2	1	1994	long	1669564800
426	880049	home	1	3	1.09	1993	middle	1681651800
356	880017	away	4	4	1.13	1080	long	1678464000
393	880036	home	3	4	2.43	621	middle	1681056000
358	945705	home	4	7	4	1080	long	1669201200
339	1011974	away	1	1	1	1088	long	1678899600
421	880043	away	0	1	0	596	middle	1681660800
352	880022	home	2	7	2.62	1080	long	1679130000
307	880041	home	2	4	0.66	3985	middle	1680951600
403	880021	away	2	6	1	621	long	1679157000
343	880014	away	1	1	0.99	1088	long	1678550400
401	880006	home	2	8	1.41	621	long	1678023000
111	880008	home	3	7	3.13	1085	long	1677936600
955	880087	away	0	3	0.27	1994	near	1684598400
386	880021	home	3	6	2.34	597	long	1679157000
83	1011485	away	0	2	0	1079	middle	1680712200
102	880023	home	1	9	1.98	2011	long	1679232600
641	868250	home	3	4	2.06	50	middle	1681576200
956	880085	home	3	5	1.41	1079	near	1684666800
86	880007	away	0	8	0.58	1079	long	1678014000
384	1011975	away	1	8	1	597	long	1678804200
399	880034	away	6	12	2.19	621	long	1680433200
406	880024	away	0	0	0.04	2012	long	1679146200
425	880049	away	1	3	0.5	1085	middle	1681651800
88	880030	home	1	5	0.98	1079	long	1680433200
84	880015	away	0	1	0.8	1079	long	1678627800
108	880019	away	1	3	0.55	1085	long	1679232600
371	880026	away	1	6	1.81	779	long	1679223600
957	880085	away	0	3	0.92	1084	near	1684666800
629	868222	home	3	7	2.3	50	near	1683140400
551	880056	home	1	3	1.29	1993	middle	1682170200
637	1016057	home	3	9	1.92	50	middle	1681239600
318	880011	away	2	6	1.19	1994	long	1678618800
413	945715	home	1	4	1	2012	long	1669467600
337	1017114	home	0	3	0	1088	middle	1680625800
369	1011977	away	1	4	1	779	long	1678978800
87	880019	home	0	8	1.64	1079	long	1679232600
620	868275	away	1	2	0.48	42	near	1682535600
367	1017113	away	1	5	1	779	middle	1680800400
684	868229	home	0	8	2.16	49	long	1680366600
97	880036	away	1	5	1.1	2011	middle	1681056000
958	880083	home	2	7	1.6	558	near	1684675800
98	880032	home	0	2	0.49	2011	middle	1680346800
110	880016	home	0	5	1.03	1085	long	1678541400
316	880044	away	0	3	0.6	1994	middle	1681556400
634	868207	away	1	4	2.08	50	long	1678555800
414	880040	home	1	4	1.01	2012	middle	1681038000
382	880032	away	4	6	1.63	597	middle	1680346800
654	1016041	home	2	5	1.8	33	middle	1681412400
959	880083	away	1	5	0.99	555	near	1684675800
650	868284	home	1	6	1.25	33	near	1682859600
423	880050	home	1	2	1.43	1084	middle	1681565400
663	868291	home	0	5	1.32	34	near	1683473400
670	868223	away	2	4	2.48	34	long	1679083200
624	868254	away	2	5	2.75	42	middle	1681650000
676	868277	away	1	4	0.76	49	near	1683054000
681	868247	home	1	2	0.54	49	middle	1681567200
310	880018	home	0	5	0.38	3985	long	1678532400
354	880030	away	1	3	0.85	1080	middle	1680433200
407	880031	away	2	2	0.67	2012	middle	1680346800
417	945707	away	1	4	1	2012	long	1669136400
667	868265	home	6	8	3.85	34	middle	1682254800
424	880047	away	2	7	3.98	558	middle	1681574400
320	880037	away	0	1	0.26	1994	middle	1681047000
341	880035	away	3	4	0.93	1088	middle	1680971400
104	880003	away	0	0	0.2	2011	long	1677936600
687	880081	home	2	3	1.51	1084	near	1683968400
688	880081	away	1	3	0.47	1080	near	1683968400
422	880050	away	2	6	1.58	555	middle	1681565400
405	1011976	away	3	8	3	621	long	1678881600
91	880045	away	1	2	1.14	2011	middle	1681556400
99	880013	away	1	6	2.02	2011	long	1678638600
418	880046	home	0	4	0.65	2012	middle	1681565400
960	880084	home	3	6	2.53	621	near	1684684800
961	880084	away	0	1	0.36	779	near	1684684800
128	945712	away	0	4	0	1993	long	1669554000
127	880024	home	3	6	1.38	1993	long	1679146200
376	880048	away	4	4	3.21	597	middle	1681642800
397	1017113	home	1	4	1	621	middle	1680800400
132	880010	home	1	1	1.55	1993	long	1677859200
642	1016042	away	0	3	0.98	33	middle	1682017200
338	880031	home	0	6	1.5	1088	long	1680346800
331	880045	home	3	7	1.17	1088	middle	1681556400
655	868304	home	2	9	2.68	33	near	1683986400
346	880048	home	1	2	1.72	1080	middle	1681642800
387	985649	away	2	8	2	597	long	1677517200
368	880029	home	2	9	1.35	779	long	1680451200
327	945702	home	1	2	1	1994	long	1669127400
344	880007	home	1	3	0.92	1088	long	1678014000
689	880082	home	1	7	1.45	1994	near	1683975600
690	880082	away	1	8	1.11	558	near	1683975600
355	880008	away	1	3	0.52	1080	long	1677936600
391	880046	away	2	9	1.4	621	middle	1681565400
612	868291	away	2	6	1.27	42	near	1683473400
621	868227	home	4	6	3.78	42	middle	1680357600
625	868241	away	2	5	1.41	42	middle	1681054200
361	880043	home	0	4	0.38	779	middle	1681660800
616	868191	away	1	2	0.66	42	long	1677337200
615	868007	home	4	5	2.65	42	long	1677699900
613	1010826	away	2	7	1.99	42	long	1678383900
415	880009	home	2	4	1.35	2012	long	1678033800
614	868196	home	3	9	2.17	42	long	1677942000
550	880058	away	2	8	2.19	3985	middle	1682161200
69	880022	away	0	1	1.51	558	long	1679130000
129	880012	away	2	2	1.17	1993	long	1678541400
357	945714	away	0	2	0	1080	long	1669546800
340	880025	away	1	3	0.67	1088	long	1679138100
370	880042	away	2	5	1.46	779	middle	1681135200
109	1011976	home	0	2	0	1085	long	1678881600
638	1017112	home	3	4	3	50	middle	1682178300
630	868290	home	2	6	2.57	50	near	1683381600
962	880090	home	4	6	1.24	2011	near	1684771200
308	880029	away	1	2	0.42	3985	middle	1680451200
317	880026	home	0	2	0.4	1994	long	1679223600
68	880028	home	0	6	0.93	558	long	1680355800
311	945707	home	1	7	1	3985	long	1669136400
372	880013	home	2	5	2.37	779	long	1678638600
112	985644	away	2	6	2	1085	long	1677411000
121	880041	away	0	4	1.09	1993	middle	1680951600
691	880075	home	2	5	0.75	596	near	1683984600
373	880005	home	1	5	0.74	779	long	1677947400
385	880005	away	3	7	2.24	597	long	1677947400
651	1017111	away	0	6	0	33	middle	1682263800
643	868192	home	1	3	1.2	33	long	1680721200
647	1010835	away	1	4	1.88	33	long	1678988700
130	880033	home	0	2	1.54	1993	middle	1680442200
134	945703	home	0	0	0	1993	long	1668610800
646	1011479	home	3	10	3	33	long	1679243400
645	868233	away	0	1	0.43	33	long	1680449400
383	880038	home	1	1	0.76	597	middle	1681059600
323	880034	home	0	2	0.44	1994	middle	1680433200
72	880004	home	2	7	1.65	558	long	1677927600
657	868302	away	2	5	2.46	34	near	1683977400
664	868246	away	0	2	0.52	34	middle	1681558200
668	868285	home	3	5	4.38	34	near	1682859600
671	868233	home	2	6	3.68	34	middle	1680449400
685	868245	away	0	1	1.13	49	middle	1680962400
679	868286	away	3	5	1.35	49	near	1683381600
682	1016059	away	0	3	0.66	49	middle	1681326000
353	880042	home	2	8	1.79	1080	middle	1681135200
71	880012	home	3	10	3.1	558	long	1678541400
400	880014	home	3	4	0.66	621	long	1678550400
717	868216	away	1	5	0.78	52	middle	1679234400
715	868230	home	2	9	2.42	52	middle	1680357600
709	868280	home	4	6	2.13	52	near	1682767800
710	868252	away	2	2	0.87	52	middle	1681567200
713	868018	away	0	3	1.2	52	long	1678908600
716	868293	away	0	2	0.36	52	near	1683381600
692	880075	away	2	3	0.54	621	near	1683984600
693	880077	home	3	5	2.46	555	near	1683993600
694	880077	away	0	2	0.37	3985	near	1683993600
695	880076	home	1	3	0.75	1079	near	1684062000
581	880074	home	0	2	0.36	1994	near	1683370800
582	880074	away	1	5	1.51	1088	near	1683370800
583	880072	home	1	2	0.57	3985	near	1683379800
584	880072	away	5	10	2.15	1085	near	1683379800
585	880068	home	0	1	0.49	779	near	1683388800
586	880068	away	2	3	0.47	1993	near	1683388800
587	880073	home	0	1	0.57	2011	near	1683457200
588	880073	away	0	1	0.39	1084	near	1683457200
589	880070	home	2	7	1.72	555	near	1683466200
590	880070	away	1	2	0.36	1080	near	1683466200
696	880076	away	1	2	0.29	597	near	1684062000
592	880067	away	2	4	1.86	558	near	1683471600
593	880069	home	2	8	2.69	621	near	1683475200
594	880069	away	1	1	0.23	1079	near	1683475200
595	880071	home	3	7	2.11	597	near	1683554400
596	880071	away	0	6	1.57	2012	near	1683554400
963	880090	away	0	0	0.45	2012	near	1684771200
572	880060	away	1	5	0.77	1084	middle	1682784000
591	880067	home	3	3	3	596	near	1683471600
697	880078	home	0	3	0.68	1088	near	1684071000
626	868277	home	3	10	1.75	42	near	1683054000
618	868257	home	3	6	2.59	42	near	1682103600
683	1016060	home	0	6	1.9	49	middle	1681844400
633	868281	away	2	9	2.48	50	near	1682859600
639	1016058	away	1	2	1.35	50	middle	1681930800
578	880065	away	1	1	0.42	3985	middle	1682861400
644	868219	away	0	5	1.42	33	near	1683226800
652	868251	away	2	8	3.48	33	middle	1681659000
622	868209	away	3	7	2.38	42	long	1678629600
575	880066	home	1	6	0.93	1080	middle	1682852400
669	868237	away	2	4	1.31	34	middle	1680962400
665	868015	away	5	8	3.29	34	middle	1680721200
672	868299	home	2	6	1.15	49	near	1683986400
571	880060	home	1	5	1.5	621	middle	1682784000
686	868019	home	0	3	2.17	49	middle	1680634800
680	868273	home	0	4	1.27	49	near	1682534700
674	868211	away	3	6	1.57	49	long	1678546800
677	868200	home	1	3	1.46	49	long	1677942000
675	971800	home	2	4	1.97	49	long	1678219200
673	868220	home	2	7	2.37	49	long	1679160600
705	868197	away	0	\N	0.17	52	long	1677942000
707	868177	away	1	4	1.09	52	long	1676732400
730	868262	away	1	3	0.9	39	middle	1682172000
704	868207	home	0	\N	0.21	52	long	1678555800
706	868187	home	0	\N	0.7	52	long	1677354300
698	880078	away	3	5	1.47	1085	near	1684071000
699	880079	home	1	8	2.11	2012	near	1684080000
700	880079	away	0	5	0.27	779	near	1684080000
701	880080	home	1	2	1.58	1993	near	1684080000
702	880080	away	0	1	0.26	2011	near	1684080000
577	880065	home	3	5	2.01	2012	middle	1682861400
703	868300	home	2	5	1.55	52	near	1683986400
711	868271	away	0	4	0.77	52	near	1682447400
714	868239	away	5	8	3.15	52	middle	1681045200
731	868213	away	1	4	1.11	39	long	1678638600
573	880059	home	1	6	2	558	middle	1682785800
718	868304	away	0	\N	0.33	39	near	1683986400
726	868255	home	2	9	0.76	39	middle	1681567200
727	868271	home	2	3	1.36	39	near	1682447400
729	868234	away	1	1	0.49	39	middle	1680357600
732	868225	home	2	8	2.78	39	middle	1679151600
728	868245	home	1	4	0.55	39	middle	1680962400
725	868295	home	1	2	0.76	39	near	1683381600
724	868279	away	0	2	0.75	39	near	1682776800
656	868242	home	2	11	3.46	33	long	1680953400
576	880066	away	0	3	0.48	2011	middle	1682852400
722	868185	home	0	4	1.29	39	long	1676732400
574	880059	away	1	2	0.2	779	middle	1682785800
720	868012	away	0	1	0.92	39	long	1677700800
721	868189	away	1	2	0.78	39	long	1677268800
719	868205	home	1	5	0.52	39	long	1677942000
733	868298	away	0	4	0.22	48	near	1684069200
739	868294	home	1	4	1.3	48	near	1683482400
740	868222	away	0	2	0.43	48	near	1683140400
734	868238	away	1	5	1.09	48	long	1680962400
735	868015	home	1	2	0.98	48	long	1680721200
736	868235	home	1	2	1.4	48	long	1680440400
737	1010845	home	4	7	1.77	48	long	1678996800
712	868260	home	0	2	0.51	52	middle	1682172000
742	868270	home	1	2	0.8	48	middle	1682534700
743	1016048	home	4	8	2.82	48	middle	1682017200
745	1016047	away	1	2	1.19	48	long	1681404300
741	1022976	home	2	7	2.89	48	near	1683831600
747	868254	home	2	3	1.81	48	middle	1681650000
746	868256	away	4	10	2.43	48	middle	1682254800
802	868261	away	1	2	0.89	63	middle	1682163000
748	868269	home	2	7	2.48	47	near	1682622900
756	868244	home	2	3	0.83	47	middle	1680962400
762	868293	home	1	3	0.88	47	near	1683381600
759	868297	away	1	2	1.37	47	near	1683986400
760	868214	home	3	7	2	47	long	1678546800
755	868253	home	2	8	2.23	47	middle	1681568100
757	868231	away	1	2	1.44	47	middle	1680548400
761	868283	away	3	7	2.03	47	near	1682868600
758	868224	away	3	3	2.27	47	middle	1679151600
751	1004841	away	0	4	0	47	long	1677700500
750	868205	away	0	6	1.2	47	long	1677942000
832	868260	away	0	5	0.39	45	middle	1682172000
749	971794	home	0	2	0.47	47	long	1678305600
752	868194	home	2	3	0.8	47	long	1677418200
771	868258	away	1	2	1.74	66	middle	1682172000
763	868297	home	2	4	1.18	66	near	1683986400
773	868246	home	3	6	1.93	66	middle	1681558200
776	868011	away	2	5	1.02	66	middle	1680633900
770	868295	away	0	3	1.48	66	near	1683381600
769	868284	away	0	1	0.56	66	near	1682859600
777	868217	home	3	9	3.66	66	long	1679151600
775	868229	away	2	2	0.92	66	middle	1680366600
772	868272	home	1	3	1.02	66	near	1682448300
774	868236	home	2	3	1.3	66	middle	1680962400
790	868256	home	0	5	1.52	35	middle	1682254800
764	868215	away	1	4	1.58	66	long	1678629600
766	868188	away	2	5	1.94	66	long	1677337200
767	868176	home	2	5	0.51	66	long	1676723400
792	868217	away	0	3	1.36	35	long	1679151600
765	868197	home	1	1	1.2	66	long	1677942000
778	868300	away	0	\N	0.31	35	near	1683986400
784	868286	home	1	4	1.29	35	near	1683381600
785	868276	home	4	7	1.96	35	near	1682859600
786	868274	away	1	2	0.95	35	near	1682621100
744	868280	away	3	4	1.86	48	middle	1682767800
789	868240	away	1	7	2.15	35	middle	1680962400
791	868226	home	2	7	2.65	35	middle	1680357600
788	868006	home	0	3	1.74	35	middle	1680633900
787	868253	away	3	6	1.31	35	middle	1681568100
782	868185	away	1	1	1.07	35	long	1676732400
780	868196	away	2	4	1.33	35	long	1677942000
779	868206	home	1	2	0.86	35	long	1678537800
806	868225	away	4	4	1.62	63	long	1679151600
781	868186	home	1	2	1.32	35	long	1677346200
817	868279	home	6	8	3.34	51	middle	1682776800
793	868302	home	2	4	2.06	63	near	1683977400
798	868290	away	1	2	0.23	63	near	1683381600
800	868267	home	1	3	1.68	63	near	1682449200
801	868010	home	2	6	1.86	63	middle	1680633900
804	868239	home	1	7	0.93	63	middle	1681045200
805	868227	away	1	5	0.72	63	middle	1680357600
807	868276	away	1	6	1.67	63	near	1682859600
803	868249	home	1	3	1.38	63	middle	1681758000
822	868006	away	2	6	2.67	51	long	1680633900
795	868200	away	0	2	1.05	63	long	1677942000
797	868190	home	1	4	0.91	63	long	1677337200
796	1004838	away	0	6	0	63	long	1677613500
794	868210	home	2	4	1.66	63	long	1678546800
808	868219	home	1	6	2.29	51	near	1683226800
812	868287	home	1	5	3.26	51	near	1683563400
815	868247	away	2	10	2.94	51	middle	1681567200
818	868228	home	3	15	4.47	51	long	1680357600
819	1017111	home	0	5	0	51	middle	1682263800
821	868244	away	1	4	1.43	51	middle	1680962400
820	868296	away	3	6	1.72	51	near	1684078200
811	868210	away	2	2	1.89	51	long	1678546800
754	868265	away	1	3	1.03	47	middle	1682254800
809	1011480	home	5	10	5	51	long	1679235300
810	868018	home	1	5	0.6	51	long	1678908600
823	868301	home	0	3	1.78	45	near	1684069200
831	868266	home	1	5	0.87	45	near	1682621100
833	868242	away	0	1	1.02	45	middle	1680953400
824	868203	away	2	3	1.7	45	long	1678024800
825	868007	away	0	5	1.17	45	long	1677699900
826	868188	home	0	5	1.71	45	long	1677337200
827	868180	home	1	6	1.47	45	long	1676732400
816	868268	away	1	7	2.34	51	middle	1682533800
980	880098	home	0	1	0.32	1994	near	1685185200
834	868287	away	5	5	2.28	45	near	1683563400
990	880097	home	2	2	1.4	1993	near	1685280600
991	880097	away	1	1	0.55	1079	near	1685280600
992	880094	home	2	4	2.22	1088	near	1685280600
993	880094	away	4	8	1.67	597	near	1685280600
994	880092	home	3	9	2.29	779	near	1685289600
995	880092	away	2	3	0.8	1085	near	1685289600
988	880091	home	0	2	2.29	558	near	1685271600
989	880091	away	0	4	0.28	2011	near	1685271600
830	868282	away	2	8	3.09	45	near	1682967600
836	868231	home	1	6	0.91	45	middle	1680548400
981	880098	away	3	5	1.27	1084	near	1685185200
982	880096	home	1	3	0.36	3985	near	1685194200
926	868238	home	0	3	0.68	36	middle	1680962400
896	881261	away	0	\N	0	55	near	1683554400
866	868263	away	2	5	0.85	65	middle	1682172000
983	880096	away	3	7	2.57	1080	near	1685194200
984	880093	home	0	2	0.79	621	near	1685203200
985	880093	away	0	4	0.91	555	near	1685203200
986	880095	home	1	4	0.65	2012	near	1685203200
987	880095	away	1	5	1.28	596	near	1685203200
927	868226	away	1	2	0.84	36	middle	1680357600
897	881234	home	1	2	1	55	near	1681930800
837	868208	home	1	6	1.03	45	long	1678546800
867	868223	home	1	3	0.37	65	long	1679083200
938	868306	home	0	4	0.82	35	near	1684591200
838	868303	away	3	5	2.15	40	near	1684177200
841	868206	away	0	6	1.75	40	long	1678537800
939	868306	away	1	5	1.72	33	near	1684591200
839	971802	away	0	5	0.56	40	long	1678910400
868	868303	home	0	4	0.41	46	near	1684177200
873	868181	away	0	3	1.63	46	long	1676815200
869	868211	home	1	7	2.52	46	long	1678546800
871	997988	home	1	5	1	46	long	1677612600
872	868191	home	0	\N	0.02	46	long	1677337200
870	868204	away	0	\N	1.93	46	long	1677951000
940	868312	home	1	2	1.14	65	near	1684600200
898	868292	away	3	5	3.24	41	near	1683572400
941	868312	away	0	3	0.49	42	near	1684600200
902	868190	away	0	2	0.38	41	long	1677337200
900	868204	home	1	5	1.38	41	long	1677951000
899	868212	away	0	4	1.11	41	long	1678629600
901	1004839	home	1	3	1	41	long	1677698100
928	868193	home	4	9	3.56	34	near	1684434600
929	868193	away	1	2	0.51	51	near	1684434600
930	868313	home	1	8	1.79	47	near	1684582200
931	868313	away	3	4	1.33	55	near	1684582200
932	868308	home	2	4	1.83	36	near	1684591200
933	868308	away	2	5	1.62	52	near	1684591200
934	868315	home	1	5	1.55	39	near	1684591200
935	868315	away	1	4	2.18	45	near	1684591200
936	868309	home	1	5	0.75	40	near	1684591200
937	868309	away	1	3	1.39	66	near	1684591200
942	868314	home	3	8	2.48	48	near	1684672200
943	868314	away	1	3	0.65	63	near	1684672200
944	868307	home	3	8	2.41	51	near	1684674000
945	868307	away	1	1	0.86	41	near	1684674000
946	868310	home	1	2	1.21	50	near	1684681200
947	868310	away	0	6	1.16	49	near	1684681200
840	868289	home	1	5	2.24	40	near	1683390600
845	868201	home	7	8	2.78	40	long	1678033800
846	868012	home	2	6	2.61	40	long	1677700800
874	868282	home	2	6	3.46	46	near	1682967600
903	868305	home	0	1	0.35	41	near	1683986400
842	868283	home	4	4	2.2	40	near	1682868600
875	868262	home	2	8	2.43	46	near	1682172000
905	868243	home	1	1	0.41	41	middle	1680971400
843	868249	away	6	7	2.73	40	middle	1681758000
876	868288	away	3	9	2.84	46	near	1683554400
906	868285	away	1	3	0.83	41	near	1682859600
844	868221	home	1	3	1.83	40	near	1683140400
877	868267	away	1	3	2.19	46	near	1682449200
907	868235	away	0	3	0.3	41	middle	1680440400
878	868230	away	1	2	0.22	46	middle	1680357600
908	868274	home	0	2	0.5	41	near	1682621100
848	868270	away	2	4	2.11	40	middle	1682534700
849	868019	away	0	4	0.35	40	middle	1680634800
879	868011	home	1	4	0.47	46	middle	1680633900
909	868252	home	0	4	0.78	41	middle	1681567200
850	868263	home	3	6	2.84	40	middle	1682172000
880	868250	away	1	4	2.36	46	middle	1681576200
910	868257	away	3	6	1.33	41	middle	1682103600
881	868218	away	1	1	1.35	46	middle	1679151600
911	868224	home	3	7	2.51	41	middle	1679151600
851	868232	away	1	1	0.33	40	long	1680348600
852	868241	home	2	6	3.96	40	middle	1681054200
882	868240	home	0	4	0.69	46	middle	1680962400
912	868014	home	0	1	0.52	41	long	1678908600
853	868292	home	4	4	1.8	65	near	1683572400
854	868214	away	1	5	1.54	65	long	1678546800
856	868195	away	0	3	0.42	65	long	1677337200
857	868183	home	1	1	0.95	65	long	1676732400
855	868203	home	2	4	0.84	65	long	1678024800
913	868305	away	2	4	1.4	36	near	1683986400
915	868209	home	0	2	0.85	36	long	1678629600
916	868198	away	2	5	1.52	36	long	1678132800
917	1004838	home	2	3	2	36	long	1677613500
918	868189	home	1	5	0.46	36	long	1677268800
883	881253	home	1	5	1	55	near	1682776800
884	881146	home	0	\N	0	55	long	1678546800
885	881063	home	0	3	0	55	long	1678219200
887	881133	away	0	\N	0	55	long	1677942000
888	881122	home	3	5	3	55	long	1677337200
859	868299	away	2	2	1.3	65	near	1683986400
914	868288	home	5	7	1.64	36	near	1683554400
886	881192	home	1	3	1	55	middle	1680876000
860	868278	away	1	3	0.72	65	near	1682776800
890	881239	away	1	3	1	55	near	1682172000
920	868272	away	0	\N	0.1	36	middle	1682448300
861	868251	home	0	\N	0.73	65	middle	1681659000
921	868281	home	1	1	0.19	36	near	1682859600
891	881216	home	0	\N	0	55	middle	1681567200
862	868234	home	1	7	1.32	65	middle	1680357600
922	868221	away	0	3	0.87	36	near	1683140400
892	881176	away	1	2	1	55	middle	1680357600
863	868236	away	0	2	0.25	65	middle	1680962400
923	868261	home	2	5	1.68	36	middle	1682163000
893	881157	away	1	4	1	55	long	1678909500
865	868010	away	1	1	0.8	65	middle	1680633900
924	868248	away	3	7	1.82	36	middle	1681567200
894	881208	away	1	3	1	55	middle	1681135200
864	868268	home	3	5	2.43	65	near	1682533800
895	881168	home	1	5	1	55	middle	1679151600
925	1011479	away	1	6	1	36	long	1679243400
829	868248	home	1	7	1.4	45	middle	1681567200
835	868220	away	2	3	1.27	45	middle	1679160600
\.


--
-- Data for Name: Teams; Type: TABLE DATA; Schema: public; Owner: postgres
--

COPY public."Teams" ("ID", name, league_id) FROM stdin;
42	Арсенал	39
50	Манчестер Сити	39
33	Манчестер Юнайтед	39
34	Ньюкасл	39
49	Челси	39
52	Кристал Пэлас	39
39	Вулверхэмптон	39
48	Вест Хэм	39
47	Тоттенхэм	39
66	Астон Вилла	39
35	Борнмут	39
63	Лидс	39
51	Брайтон	39
45	Эвертон	39
40	Ливерпуль	39
65	Ноттингем Форест	39
46	Лестер	39
41	Саутгемптон	39
36	Фулхэм	39
596	Зенит	235
555	ЦСКА	235
1084	Урал	235
558	Спартак	235
1079	Крылья Советов	235
2011	Пари НН	235
1085	Ахмат	235
1993	Факел	235
3985	Торпедо	235
1994	Химки	235
1088	Динамо	235
1080	Оренбург	235
779	Ростов	235
597	Локомотив	235
621	Краснодар	235
2012	Сочи	235
55	Брентфорд	39
\.


--
-- Name: Matches_ID_seq; Type: SEQUENCE SET; Schema: public; Owner: postgres
--

SELECT pg_catalog.setval('public."Matches_ID_seq"', 1, false);


--
-- Name: Team_Data_for_1-15_Matches_ID_seq; Type: SEQUENCE SET; Schema: public; Owner: postgres
--

SELECT pg_catalog.setval('public."Team_Data_for_1-15_Matches_ID_seq"', 995, true);


--
-- Name: League League_pkey; Type: CONSTRAINT; Schema: public; Owner: postgres
--

ALTER TABLE ONLY public."League"
    ADD CONSTRAINT "League_pkey" PRIMARY KEY ("ID");


--
-- Name: Matches Matches_pkey; Type: CONSTRAINT; Schema: public; Owner: postgres
--

ALTER TABLE ONLY public."Matches"
    ADD CONSTRAINT "Matches_pkey" PRIMARY KEY ("ID");


--
-- Name: Team_Data_for_1-15_Matches Team_Data_for_1-15_Matches_pkey; Type: CONSTRAINT; Schema: public; Owner: postgres
--

ALTER TABLE ONLY public."Team_Data_for_1-15_Matches"
    ADD CONSTRAINT "Team_Data_for_1-15_Matches_pkey" PRIMARY KEY ("ID");


--
-- Name: Teams Teams_pkey; Type: CONSTRAINT; Schema: public; Owner: postgres
--

ALTER TABLE ONLY public."Teams"
    ADD CONSTRAINT "Teams_pkey" PRIMARY KEY ("ID");


--
-- Name: Matches Matches_Away_team_ID_fk; Type: FK CONSTRAINT; Schema: public; Owner: postgres
--

ALTER TABLE ONLY public."Matches"
    ADD CONSTRAINT "Matches_Away_team_ID_fk" FOREIGN KEY ("Away_team_ID") REFERENCES public."Teams"("ID");


--
-- Name: Matches Matches_Championship_ID_fk; Type: FK CONSTRAINT; Schema: public; Owner: postgres
--

ALTER TABLE ONLY public."Matches"
    ADD CONSTRAINT "Matches_Championship_ID_fk" FOREIGN KEY ("Championship_ID") REFERENCES public."League"("ID");


--
-- Name: Matches Matches_Home_team_ID_fk; Type: FK CONSTRAINT; Schema: public; Owner: postgres
--

ALTER TABLE ONLY public."Matches"
    ADD CONSTRAINT "Matches_Home_team_ID_fk" FOREIGN KEY ("Home_team_ID") REFERENCES public."Teams"("ID");


--
-- Name: Team_Data_for_1-15_Matches Team_Data_for_1-15_Matches_Team_ID_fk; Type: FK CONSTRAINT; Schema: public; Owner: postgres
--

ALTER TABLE ONLY public."Team_Data_for_1-15_Matches"
    ADD CONSTRAINT "Team_Data_for_1-15_Matches_Team_ID_fk" FOREIGN KEY ("Team_ID") REFERENCES public."Teams"("ID");


--
-- Name: Teams Teams_league_id_fk; Type: FK CONSTRAINT; Schema: public; Owner: postgres
--

ALTER TABLE ONLY public."Teams"
    ADD CONSTRAINT "Teams_league_id_fk" FOREIGN KEY (league_id) REFERENCES public."League"("ID");


--
-- PostgreSQL database dump complete
--

