id,fixtureID,time,team_id,position,goals,shots,xg
0,879867,1657904400,1994,home,1.00,3.00,1.00
1,879867,1657904400,596,away,1.00,2.00,1.00
2,879868,1657972800,555,home,2.00,8.00,2.00
3,879868,1657972800,1084,away,0.00,2.00,0.00
4,879869,1657981800,1080,home,2.00,8.00,2.00
5,879869,1657981800,1079,away,4.00,9.00,4.00
6,879870,1657990800,1085,home,1.00,6.00,1.00
7,879870,1657990800,558,away,1.00,2.00,1.00
8,879871,1658059200,3985,home,1.00,4.00,1.00
9,879871,1658059200,2012,away,3.00,5.00,3.00
10,879872,1658068200,597,home,1.00,5.00,1.00
11,879872,1658068200,2011,away,1.00,1.00,1.00
12,879874,1658077200,1088,home,1.00,3.00,1.00
13,879874,1658077200,779,away,1.00,4.00,1.00
14,879873,1658077200,621,home,2.00,6.00,2.00
15,879873,1658077200,1993,away,2.00,10.00,2.00
16,879875,1658509200,596,home,3.00,7.00,3.00
17,879875,1658509200,1079,away,0.00,0.00,0.00
18,879876,1658577600,555,home,3.00,3.00,3.00
19,879876,1658577600,2012,away,0.00,2.00,0.00
20,879877,1658586600,1080,home,3.00,9.00,3.00
21,879877,1658586600,1084,away,0.00,2.00,0.00
22,879878,1658595600,621,home,1.00,3.00,1.00
23,879878,1658595600,558,away,4.00,8.00,4.00
24,879879,1658664000,1994,home,3.00,6.00,3.00
25,879879,1658664000,2011,away,0.00,2.00,0.00
26,879880,1658673000,1088,home,4.00,5.00,4.00
27,879880,1658673000,3985,away,0.00,3.00,0.00
28,879881,1658682000,597,home,2.00,6.00,2.00
29,879881,1658682000,779,away,2.00,3.00,2.00
30,879882,1658682000,1085,home,2.00,6.00,2.00
31,879882,1658682000,1993,away,1.00,4.00,1.00
32,879883,1659106800,1084,home,1.00,8.00,1.00
33,879883,1659106800,621,away,3.00,3.00,3.00
34,879884,1659182400,1993,home,3.00,5.00,3.00
35,879884,1659182400,1088,away,3.00,2.00,3.00
36,879885,1659191400,596,home,5.00,11.00,5.00
37,879885,1659191400,597,away,0.00,3.00,0.00
38,879886,1659200400,2012,home,2.00,6.00,2.00
39,879886,1659200400,1085,away,1.00,5.00,1.00
40,879887,1659268800,2011,home,2.00,5.00,2.00
41,879887,1659268800,555,away,2.00,3.00,2.00
42,879888,1659277800,558,home,4.00,10.00,4.00
43,879888,1659277800,1080,away,1.00,2.00,1.00
44,879889,1659277800,1079,home,1.00,7.00,1.00
45,879889,1659277800,3985,away,1.00,4.00,1.00
46,879890,1659286800,779,home,1.00,3.00,1.00
47,879890,1659286800,1994,away,0.00,1.00,0.00
48,867946,1659726000,52,home,0.00,2.00,0.00
49,867946,1659726000,42,away,2.00,2.00,2.00
50,867947,1659785400,36,home,2.00,3.00,2.00
51,867947,1659785400,40,away,2.00,4.00,2.00
52,879891,1659787200,1084,home,0.00,4.00,0.00
53,879891,1659787200,558,away,2.00,11.00,2.00
54,867949,1659794400,63,home,2.00,4.00,2.00
55,867949,1659794400,39,away,1.00,6.00,1.00
56,867948,1659794400,35,home,2.00,3.00,2.00
57,867948,1659794400,66,away,0.00,2.00,0.00
58,867952,1659794400,47,home,4.00,8.00,4.00
59,867952,1659794400,41,away,1.00,2.00,1.00
60,867951,1659794400,34,home,2.00,10.00,2.00
61,867951,1659794400,65,away,0.00,0.00,0.00
62,879892,1659796200,555,home,4.00,7.00,4.00
63,879892,1659796200,1993,away,1.00,2.00,1.00
64,867953,1659803400,45,home,0.00,4.00,0.00
65,867953,1659803400,49,away,1.00,6.00,1.00
66,879893,1659805200,621,home,3.00,5.00,3.00
67,879893,1659805200,597,away,0.00,4.00,0.00
68,879894,1659805200,1085,home,0.00,6.00,0.00
69,879894,1659805200,596,away,0.00,0.00,0.00
70,879895,1659873600,3985,home,1.00,8.00,1.00
71,879895,1659873600,1994,away,3.00,9.00,3.00
72,867954,1659877200,33,home,1.00,5.00,1.00
73,867954,1659877200,51,away,2.00,4.00,2.00
74,867950,1659877200,46,home,2.00,5.00,2.00
75,867950,1659877200,55,away,2.00,3.00,2.00
76,879896,1659882600,1079,home,0.00,4.00,0.00
77,879896,1659882600,1088,away,2.00,5.00,2.00
78,867955,1659886200,48,home,0.00,1.00,0.00
79,867955,1659886200,50,away,2.00,2.00,2.00
80,879898,1659891600,2012,home,2.00,12.00,2.00
81,879898,1659891600,2011,away,1.00,2.00,1.00
82,879897,1659891600,779,home,2.00,6.00,2.00
83,879897,1659891600,1080,away,1.00,4.00,1.00
84,879899,1660321800,1993,home,0.00,3.00,0.00
85,879899,1660321800,1084,away,0.00,2.00,0.00
86,867957,1660390200,66,home,2.00,4.00,2.00
87,867957,1660390200,45,away,1.00,4.00,1.00
88,879900,1660392000,597,home,1.00,8.00,1.00
89,879900,1660392000,1079,away,1.00,7.00,1.00
90,879901,1660399200,596,home,2.00,8.00,2.00
91,879901,1660399200,555,away,1.00,1.00,1.00
92,867959,1660399200,51,home,0.00,7.00,0.00
93,867959,1660399200,34,away,0.00,1.00,0.00
94,867965,1660399200,39,home,0.00,1.00,0.00
95,867965,1660399200,36,away,0.00,3.00,0.00
96,867964,1660399200,41,home,2.00,4.00,2.00
97,867964,1660399200,63,away,2.00,5.00,2.00
98,867962,1660399200,50,home,4.00,7.00,4.00
99,867962,1660399200,35,away,0.00,1.00,0.00
100,867956,1660399200,42,home,4.00,7.00,4.00
101,867956,1660399200,46,away,2.00,2.00,2.00
102,867958,1660408200,55,home,4.00,7.00,4.00
103,867958,1660408200,33,away,0.00,4.00,0.00
104,879902,1660410000,1088,home,0.00,4.00,0.00
105,879902,1660410000,621,away,0.00,2.00,0.00
106,879903,1660478400,1994,home,1.00,6.00,1.00
107,879903,1660478400,1085,away,3.00,9.00,3.00
108,867963,1660482000,65,home,1.00,6.00,1.00
109,867963,1660482000,48,away,0.00,5.00,0.00
110,879904,1660487400,1080,home,1.00,9.00,1.00
111,879904,1660487400,3985,away,0.00,1.00,0.00
112,879905,1660487400,2011,home,3.00,5.00,3.00
113,879905,1660487400,779,away,4.00,4.00,4.00
114,867960,1660491000,49,home,2.00,3.00,2.00
115,867960,1660491000,47,away,2.00,5.00,2.00
116,879906,1660496400,558,home,3.00,7.00,3.00
117,879906,1660496400,2012,away,0.00,3.00,0.00
118,867961,1660590000,40,home,1.00,4.00,1.00
119,867961,1660590000,52,away,1.00,3.00,1.00
120,879910,1660924800,1079,home,1.00,6.00,1.00
121,879910,1660924800,1993,away,1.00,5.00,1.00
122,879913,1660989600,1084,home,0.00,3.00,0.00
123,879913,1660989600,2011,away,1.00,4.00,1.00
124,867974,1660995000,47,home,1.00,4.00,1.00
125,867974,1660995000,39,away,0.00,3.00,0.00
126,879914,1660996800,1994,home,0.00,4.00,0.00
127,879914,1660996800,597,away,3.00,6.00,3.00
128,867971,1661004000,46,home,1.00,1.00,1.00
129,867971,1661004000,41,away,2.00,3.00,2.00
130,867968,1661004000,45,home,1.00,8.00,1.00
131,867968,1661004000,65,away,1.00,5.00,1.00
132,867969,1661004000,36,home,3.00,9.00,3.00
133,867969,1661004000,55,away,2.00,5.00,2.00
134,867967,1661004000,52,home,3.00,9.00,3.00
135,867967,1661004000,66,away,1.00,5.00,1.00
136,879912,1661005800,1088,home,1.00,1.00,1.00
137,879912,1661005800,558,away,0.00,5.00,0.00
138,867966,1661013000,35,home,0.00,1.00,0.00
139,867966,1661013000,42,away,3.00,6.00,3.00
140,879908,1661014800,779,home,2.00,8.00,2.00
141,879908,1661014800,2012,away,2.00,5.00,2.00
142,879911,1661083200,555,home,4.00,8.00,4.00
143,879911,1661083200,1085,away,2.00,4.00,2.00
144,867975,1661086800,48,home,0.00,3.00,0.00
145,867975,1661086800,51,away,2.00,2.00,2.00
146,867970,1661086800,63,home,3.00,6.00,3.00
147,867970,1661086800,49,away,0.00,3.00,0.00
148,879907,1661092200,596,home,2.00,10.00,2.00
149,879907,1661092200,3985,away,0.00,0.00,0.00
150,867973,1661095800,34,home,3.00,6.00,3.00
151,867973,1661095800,50,away,3.00,10.00,3.00
152,879909,1661101200,621,home,2.00,5.00,2.00
153,879909,1661101200,1080,away,0.00,7.00,0.00
154,867972,1661194800,33,home,2.00,5.00,2.00
155,867972,1661194800,40,away,1.00,5.00,1.00
156,879918,1661533200,2012,home,4.00,8.00,4.00
157,879918,1661533200,1994,away,1.00,1.00,1.00
158,867984,1661599800,41,home,0.00,5.00,0.00
159,867984,1661599800,33,away,1.00,6.00,1.00
160,879920,1661601600,2011,home,2.00,6.00,2.00
161,879920,1661601600,1088,away,2.00,3.00,2.00
162,867979,1661608800,51,home,1.00,4.00,1.00
163,867979,1661608800,63,away,0.00,2.00,0.00
164,867980,1661608800,49,home,2.00,4.00,2.00
165,867980,1661608800,46,away,1.00,5.00,1.00
166,867982,1661608800,50,home,4.00,5.00,4.00
167,867982,1661608800,52,away,2.00,2.00,2.00
168,867981,1661608800,40,home,9.00,12.00,9.00
169,867981,1661608800,35,away,0.00,2.00,0.00
170,867978,1661608800,55,home,1.00,5.00,1.00
171,867978,1661608800,45,away,1.00,7.00,1.00
172,879921,1661610600,1993,home,1.00,6.00,1.00
173,879921,1661610600,558,away,4.00,9.00,4.00
174,867976,1661617800,42,home,2.00,8.00,2.00
175,867976,1661617800,36,away,1.00,3.00,1.00
176,879917,1661619600,1085,home,1.00,2.00,1.00
177,879917,1661619600,1079,away,2.00,8.00,2.00
178,879922,1661680800,1084,home,0.00,2.00,0.00
179,879922,1661680800,596,away,4.00,9.00,4.00
180,879916,1661688000,597,home,5.00,10.00,5.00
181,879916,1661688000,1080,away,1.00,8.00,1.00
182,867985,1661691600,39,home,1.00,4.00,1.00
183,867985,1661691600,34,away,1.00,6.00,1.00
184,867977,1661691600,66,home,0.00,3.00,0.00
185,867977,1661691600,48,away,1.00,2.00,1.00
186,879919,1661697000,3985,home,1.00,4.00,1.00
187,879919,1661697000,621,away,4.00,10.00,4.00
188,867983,1661700600,65,home,0.00,1.00,0.00
189,867983,1661700600,47,away,2.00,7.00,2.00
190,879915,1661705100,779,home,0.00,4.00,0.00
191,879915,1661705100,555,away,0.00,3.00,0.00
192,867988,1661884200,36,home,2.00,3.00,2.00
193,867988,1661884200,51,away,1.00,4.00,1.00
194,867992,1661884200,52,home,1.00,4.00,1.00
195,867992,1661884200,55,away,1.00,3.00,1.00
196,867993,1661885100,41,home,2.00,7.00,2.00
197,867993,1661885100,49,away,1.00,4.00,1.00
198,867989,1661886000,63,home,1.00,5.00,1.00
199,867989,1661886000,45,away,1.00,2.00,1.00
200,867995,1661970600,50,home,6.00,9.00,6.00
201,867995,1661970600,65,away,0.00,1.00,0.00
202,867986,1661970600,35,home,0.00,2.00,0.00
203,867986,1661970600,39,away,0.00,4.00,0.00
204,867987,1661970600,42,home,2.00,9.00,2.00
205,867987,1661970600,66,away,1.00,3.00,1.00
206,867991,1661971500,48,home,1.00,4.00,1.00
207,867991,1661971500,47,away,1.00,3.00,1.00
208,867994,1661972400,40,home,2.00,6.00,2.00
209,867994,1661972400,34,away,1.00,2.00,1.00
210,867990,1662058800,46,home,0.00,2.00,0.00
211,867990,1662058800,33,away,1.00,2.00,1.00
212,879929,1662199200,1080,home,3.00,8.00,3.00
213,879929,1662199200,1994,away,1.00,5.00,1.00
214,868000,1662204600,45,home,0.00,3.00,0.00
215,868000,1662204600,40,away,0.00,8.00,0.00
216,879930,1662206400,2011,home,3.00,5.00,3.00
217,879930,1662206400,1993,away,1.00,4.00,1.00
218,868003,1662213600,65,home,2.00,3.00,2.00
219,868003,1662213600,35,away,3.00,3.00,3.00
220,867999,1662213600,49,home,2.00,3.00,2.00
221,867999,1662213600,48,away,1.00,3.00,1.00
222,868002,1662213600,34,home,0.00,6.00,0.00
223,868002,1662213600,52,away,0.00,9.00,0.00
224,868004,1662213600,47,home,2.00,10.00,2.00
225,868004,1662213600,36,away,1.00,3.00,1.00
226,868005,1662213600,39,home,1.00,2.00,1.00
227,868005,1662213600,41,away,0.00,1.00,0.00
228,867997,1662213600,55,home,5.00,8.00,5.00
229,867997,1662213600,63,away,2.00,6.00,2.00
230,879924,1662219000,621,home,2.00,6.00,2.00
231,879924,1662219000,2012,away,1.00,6.00,1.00
232,867996,1662222600,66,home,1.00,1.00,1.00
233,867996,1662222600,50,away,1.00,4.00,1.00
234,879926,1662226200,1088,home,2.00,9.00,2.00
235,879926,1662226200,1084,away,1.00,1.00,1.00
236,879925,1662292800,1079,home,0.00,2.00,0.00
237,879925,1662292800,555,away,1.00,6.00,1.00
238,867998,1662296400,51,home,5.00,11.00,5.00
239,867998,1662296400,46,away,2.00,4.00,2.00
240,879927,1662301800,597,home,1.00,9.00,1.00
241,879927,1662301800,1085,away,2.00,4.00,2.00
242,868001,1662305400,33,home,3.00,6.00,3.00
243,868001,1662305400,42,away,1.00,3.00,1.00
244,879923,1662310800,558,home,1.00,3.00,1.00
245,879923,1662310800,596,away,2.00,7.00,2.00
246,879928,1662397200,3985,home,0.00,4.00,0.00
247,879928,1662397200,779,away,1.00,10.00,1.00
248,879935,1662742800,2012,home,2.00,5.00,2.00
249,879935,1662742800,1088,away,1.00,3.00,1.00
250,879938,1662811200,1994,home,0.00,1.00,0.00
251,879938,1662811200,1079,away,0.00,7.00,0.00
252,879933,1662820200,555,home,4.00,9.00,4.00
253,879933,1662820200,621,away,1.00,2.00,1.00
254,879934,1662828300,1085,home,1.00,4.00,1.00
255,879934,1662828300,2011,away,3.00,4.00,3.00
256,879937,1662890400,1084,home,2.00,8.00,2.00
257,879937,1662890400,3985,away,0.00,2.00,0.00
258,879936,1662897600,1993,home,2.00,4.00,2.00
259,879936,1662897600,597,away,0.00,2.00,0.00
260,879931,1662906600,596,home,8.00,10.00,8.00
261,879931,1662906600,1080,away,0.00,3.00,0.00
262,879932,1662914700,779,home,4.00,5.00,4.00
263,879932,1662914700,558,away,2.00,7.00,2.00
264,868016,1663354800,66,home,1.00,3.00,1.00
265,868016,1663354800,41,away,0.00,1.00,0.00
266,868023,1663354800,65,home,2.00,3.00,2.00
267,868023,1663354800,36,away,3.00,7.00,3.00
268,879946,1663405200,1084,home,1.00,5.00,1.00
269,879946,1663405200,1085,away,2.00,6.00,2.00
270,879944,1663412400,3985,home,1.00,4.00,1.00
271,879944,1663412400,555,away,0.00,1.00,0.00
272,868025,1663414200,39,home,0.00,1.00,0.00
273,868025,1663414200,50,away,3.00,7.00,3.00
274,879940,1663421400,779,home,2.00,3.00,2.00
275,879940,1663421400,1079,away,1.00,4.00,1.00
276,868022,1663423200,34,home,1.00,7.00,1.00
277,868022,1663423200,35,away,1.00,3.00,1.00
278,879942,1663430400,1088,home,0.00,1.00,0.00
279,879942,1663430400,596,away,2.00,7.00,2.00
280,868024,1663432200,47,home,6.00,11.00,6.00
281,868024,1663432200,46,away,2.00,7.00,2.00
282,868017,1663498800,55,home,0.00,2.00,0.00
283,868017,1663498800,42,away,3.00,7.00,3.00
284,879945,1663498800,2011,home,0.00,3.00,0.00
285,879945,1663498800,1080,away,2.00,6.00,2.00
286,868020,1663506900,45,home,1.00,2.00,1.00
287,868020,1663506900,48,away,0.00,4.00,0.00
288,879941,1663507800,621,home,3.00,12.00,3.00
289,879941,1663507800,1994,away,1.00,3.00,1.00
290,879943,1663507800,2012,home,1.00,4.00,1.00
291,879943,1663507800,1993,away,1.00,2.00,1.00
292,879939,1663516800,558,home,1.00,6.00,1.00
293,879939,1663516800,597,away,0.00,3.00,0.00
294,879951,1664622000,1080,home,4.00,10.00,4.00
295,879951,1664622000,2012,away,1.00,4.00,1.00
296,868027,1664623800,42,home,3.00,9.00,3.00
297,868027,1664623800,47,away,1.00,3.00,1.00
298,879954,1664631000,1994,home,1.00,2.00,1.00
299,879954,1664631000,555,away,2.00,5.00,2.00
300,868028,1664632800,52,home,1.00,3.00,1.00
301,868028,1664632800,49,away,2.00,3.00,2.00
302,868029,1664632800,36,home,1.00,1.00,1.00
303,868029,1664632800,34,away,4.00,10.00,4.00
304,868034,1664632800,41,home,1.00,6.00,1.00
305,868034,1664632800,45,away,2.00,5.00,2.00
306,868032,1664632800,40,home,3.00,7.00,3.00
307,868032,1664632800,51,away,3.00,6.00,3.00
308,868026,1664632800,35,home,0.00,1.00,0.00
309,868026,1664632800,55,away,0.00,4.00,0.00
310,879949,1664640000,597,home,2.00,4.00,2.00
311,879949,1664640000,1084,away,4.00,8.00,4.00
312,868035,1664641800,48,home,2.00,5.00,2.00
313,868035,1664641800,39,away,0.00,4.00,0.00
314,879953,1664708400,1993,home,2.00,8.00,2.00
315,879953,1664708400,3985,away,2.00,2.00,2.00
316,868033,1664715600,50,home,6.00,10.00,6.00
317,868033,1664715600,33,away,3.00,8.00,3.00
318,879947,1664717400,596,home,3.00,9.00,3.00
319,879947,1664717400,779,away,1.00,2.00,1.00
320,868030,1664724600,63,home,0.00,1.00,0.00
321,868030,1664724600,66,away,0.00,7.00,0.00
322,879952,1664726400,2011,home,1.00,1.00,1.00
323,879952,1664726400,558,away,2.00,7.00,2.00
324,879950,1664726400,1085,home,2.00,6.00,2.00
325,879950,1664726400,1088,away,1.00,2.00,1.00
326,879948,1664812800,1079,home,0.00,4.00,0.00
327,879948,1664812800,621,away,0.00,4.00,0.00
328,868031,1664823600,46,home,4.00,7.00,4.00
329,868031,1664823600,65,away,0.00,3.00,0.00
330,879962,1665153000,1084,home,2.00,4.00,2.00
331,879962,1665153000,1994,away,1.00,3.00,1.00
332,879961,1665226800,1993,home,1.00,4.00,1.00
333,879961,1665226800,596,away,1.00,5.00,1.00
334,879957,1665235800,555,home,1.00,5.00,1.00
335,879957,1665235800,1088,away,1.00,3.00,1.00
336,868039,1665237600,49,home,3.00,7.00,3.00
337,868039,1665237600,39,away,0.00,2.00,0.00
338,868043,1665237600,34,home,5.00,6.00,5.00
339,868043,1665237600,55,away,1.00,3.00,1.00
340,868042,1665237600,50,home,4.00,8.00,4.00
341,868042,1665237600,41,away,0.00,0.00,0.00
342,868036,1665237600,35,home,2.00,4.00,2.00
343,868036,1665237600,46,away,1.00,5.00,1.00
344,879958,1665244800,2012,home,4.00,8.00,4.00
345,879958,1665244800,597,away,0.00,1.00,0.00
346,868038,1665246600,51,home,0.00,4.00,0.00
347,868038,1665246600,47,away,1.00,3.00,1.00
348,879955,1665313200,558,home,5.00,5.00,5.00
349,879955,1665313200,1079,away,2.00,7.00,2.00
350,868040,1665320400,52,home,2.00,5.00,2.00
351,868040,1665320400,63,away,1.00,4.00,1.00
352,868045,1665320400,48,home,3.00,8.00,3.00
353,868045,1665320400,36,away,1.00,2.00,1.00
354,879959,1665322200,3985,home,0.00,2.00,0.00
355,879959,1665322200,2011,away,0.00,8.00,0.00
356,879960,1665322200,1080,home,2.00,5.00,2.00
357,879960,1665322200,1085,away,1.00,4.00,1.00
358,868037,1665329400,42,home,3.00,7.00,3.00
359,868037,1665329400,40,away,2.00,3.00,2.00
360,879956,1665331200,779,home,3.00,10.00,3.00
361,879956,1665331200,621,away,2.00,6.00,2.00
362,868041,1665338400,45,home,1.00,2.00,1.00
363,868041,1665338400,33,away,2.00,4.00,2.00
364,868044,1665428400,65,home,1.00,3.00,1.00
365,868044,1665428400,66,away,1.00,2.00,1.00
366,879963,1665765000,779,home,1.00,1.00,1.00
367,879963,1665765000,1084,away,2.00,2.00,2.00
368,868047,1665774000,55,home,2.00,3.00,2.00
369,868047,1665774000,51,away,0.00,7.00,0.00
370,879970,1665831600,1994,home,0.00,2.00,0.00
371,879970,1665831600,1993,away,0.00,7.00,0.00
372,879968,1665831600,3985,home,0.00,1.00,0.00
373,879968,1665831600,597,away,1.00,5.00,1.00
374,868050,1665833400,46,home,0.00,5.00,0.00
375,868050,1665833400,52,away,0.00,1.00,0.00
376,879964,1665840600,621,home,2.00,6.00,2.00
377,879964,1665840600,1085,away,3.00,6.00,3.00
378,868048,1665842400,36,home,2.00,4.00,2.00
379,868048,1665842400,35,away,2.00,6.00,2.00
380,868055,1665842400,39,home,1.00,2.00,1.00
381,868055,1665842400,65,away,0.00,2.00,0.00
382,879967,1665851400,1088,home,3.00,5.00,3.00
383,879967,1665851400,1080,away,2.00,5.00,2.00
384,868054,1665851400,47,home,2.00,7.00,2.00
385,868054,1665851400,45,away,0.00,0.00,0.00
386,879965,1665918000,1079,home,2.00,5.00,2.00
387,879965,1665918000,2012,away,0.00,3.00,0.00
388,868046,1665925200,66,home,0.00,7.00,0.00
389,868046,1665925200,49,away,2.00,4.00,2.00
390,868053,1665925200,41,home,1.00,8.00,1.00
391,868053,1665925200,48,away,1.00,4.00,1.00
392,868052,1665925200,33,home,0.00,2.00,0.00
393,868052,1665925200,34,away,0.00,2.00,0.00
394,868049,1665925200,63,home,0.00,4.00,0.00
395,868049,1665925200,42,away,1.00,4.00,1.00
396,879969,1665927000,2011,home,0.00,0.00,0.00
397,879969,1665927000,596,away,3.00,6.00,3.00
398,868051,1665934200,40,home,1.00,2.00,1.00
399,868051,1665934200,50,away,0.00,6.00,0.00
400,879966,1665939600,555,home,2.00,5.00,2.00
401,879966,1665939600,558,away,2.00,4.00,2.00
402,868059,1666117800,51,home,0.00,7.00,0.00
403,868059,1666117800,65,away,0.00,0.00,0.00
404,868062,1666120500,52,home,2.00,4.00,2.00
405,868062,1666120500,39,away,1.00,4.00,1.00
406,868058,1666204200,55,home,0.00,5.00,0.00
407,868058,1666204200,49,away,0.00,5.00,0.00
408,868064,1666204200,40,home,1.00,7.00,1.00
409,868064,1666204200,48,away,0.00,3.00,0.00
410,868063,1666204200,34,home,1.00,4.00,1.00
411,868063,1666204200,45,away,0.00,0.00,0.00
412,868056,1666204200,35,home,0.00,3.00,0.00
413,868056,1666204200,41,away,1.00,3.00,1.00
414,868065,1666206900,33,home,2.00,10.00,2.00
415,868065,1666206900,47,away,0.00,2.00,0.00
416,868060,1666290600,36,home,3.00,8.00,3.00
417,868060,1666290600,66,away,0.00,6.00,0.00
418,868061,1666293300,46,home,2.00,1.00,2.00
419,868061,1666293300,63,away,0.00,2.00,0.00
420,879976,1666436400,2011,home,0.00,5.00,0.00
421,879976,1666436400,621,away,2.00,7.00,2.00
422,868071,1666438200,65,home,1.00,7.00,1.00
423,868071,1666438200,40,away,0.00,7.00,0.00
424,879977,1666445400,1993,home,1.00,5.00,1.00
425,879977,1666445400,779,away,1.00,6.00,1.00
426,868068,1666447200,45,home,3.00,6.00,3.00
427,868068,1666447200,52,away,0.00,2.00,0.00
428,868070,1666447200,50,home,3.00,4.00,3.00
429,868070,1666447200,51,away,1.00,2.00,1.00
430,879973,1666454400,597,home,1.00,2.00,1.00
431,879973,1666454400,1088,away,3.00,11.00,3.00
432,868067,1666456200,49,home,1.00,2.00,1.00
433,868067,1666456200,33,away,1.00,6.00,1.00
434,879975,1666522800,1080,home,2.00,6.00,2.00
435,879975,1666522800,555,away,2.00,7.00,2.00
436,868066,1666530000,66,home,4.00,11.00,4.00
437,868066,1666530000,55,away,0.00,3.00,0.00
438,868072,1666530000,41,home,1.00,3.00,1.00
439,868072,1666530000,42,away,1.00,3.00,1.00
440,868075,1666530000,39,home,0.00,6.00,0.00
441,868075,1666530000,46,away,4.00,4.00,4.00
442,868069,1666530000,63,home,2.00,5.00,2.00
443,868069,1666530000,36,away,3.00,5.00,3.00
444,879972,1666531800,558,home,5.00,10.00,5.00
445,879972,1666531800,1994,away,0.00,6.00,0.00
446,868073,1666539000,47,home,1.00,5.00,1.00
447,868073,1666539000,34,away,2.00,5.00,2.00
448,879974,1666540800,1085,home,1.00,6.00,1.00
449,879974,1666540800,3985,away,0.00,2.00,0.00
450,879978,1666621800,1084,home,2.00,5.00,2.00
451,879978,1666621800,1079,away,1.00,1.00,1.00
452,879971,1666630800,596,home,7.00,13.00,7.00
453,879971,1666630800,2012,away,0.00,0.00,0.00
454,868074,1666638000,48,home,2.00,4.00,2.00
455,868074,1666638000,35,away,0.00,3.00,0.00
456,879986,1666965600,1080,home,4.00,9.00,4.00
457,879986,1666965600,1993,away,1.00,4.00,1.00
458,879982,1667041200,1088,home,6.00,8.00,6.00
459,879982,1667041200,1994,away,1.00,4.00,1.00
460,868082,1667043000,46,home,0.00,5.00,0.00
461,868082,1667043000,50,away,1.00,5.00,1.00
462,879984,1667050200,1085,home,1.00,3.00,1.00
463,879984,1667050200,779,away,2.00,3.00,2.00
464,868076,1667052000,35,home,2.00,4.00,2.00
465,868076,1667052000,47,away,3.00,7.00,3.00
466,868085,1667052000,34,home,4.00,7.00,4.00
467,868085,1667052000,66,away,0.00,0.00,0.00
468,868080,1667052000,52,home,1.00,3.00,1.00
469,868080,1667052000,41,away,0.00,4.00,0.00
470,868079,1667052000,51,home,4.00,9.00,4.00
471,868079,1667052000,49,away,1.00,7.00,1.00
472,868078,1667052000,55,home,1.00,3.00,1.00
473,868078,1667052000,39,away,1.00,4.00,1.00
474,879983,1667059200,597,home,0.00,1.00,0.00
475,879983,1667059200,555,away,1.00,3.00,1.00
476,868081,1667061000,36,home,0.00,6.00,0.00
477,868081,1667061000,45,away,0.00,4.00,0.00
478,868083,1667069100,40,home,1.00,10.00,1.00
479,868083,1667069100,63,away,2.00,6.00,2.00
480,879981,1667127600,1079,home,2.00,11.00,2.00
481,879981,1667127600,2011,away,1.00,2.00,1.00
482,879985,1667127600,2012,home,2.00,3.00,2.00
483,879985,1667127600,1084,away,2.00,6.00,2.00
484,879979,1667136600,558,home,1.00,8.00,1.00
485,879979,1667136600,3985,away,0.00,1.00,0.00
486,868077,1667138400,42,home,5.00,10.00,5.00
487,868077,1667138400,65,away,0.00,2.00,0.00
488,868084,1667146500,33,home,1.00,3.00,1.00
489,868084,1667146500,48,away,0.00,5.00,0.00
490,879980,1667147400,621,home,0.00,1.00,0.00
491,879980,1667147400,596,away,1.00,4.00,1.00
492,879994,1667577600,1994,home,2.00,2.00,2.00
493,879994,1667577600,1080,away,0.00,8.00,0.00
494,879990,1667646000,2012,home,1.00,3.00,1.00
495,879990,1667646000,558,away,1.00,2.00,1.00
496,879987,1667655000,596,home,1.00,6.00,1.00
497,879987,1667655000,1085,away,2.00,2.00,2.00
498,879992,1667655000,1993,home,3.00,8.00,3.00
499,879992,1667655000,621,away,3.00,6.00,3.00
500,868095,1667660400,39,home,2.00,5.00,2.00
501,868095,1667660400,51,away,3.00,8.00,3.00
502,868089,1667660400,63,home,4.00,4.00,4.00
503,868089,1667660400,35,away,3.00,6.00,3.00
504,868091,1667660400,65,home,2.00,7.00,2.00
505,868091,1667660400,55,away,2.00,2.00,2.00
506,868090,1667660400,50,home,2.00,5.00,2.00
507,868090,1667660400,36,away,1.00,2.00,1.00
508,879989,1667664000,555,home,0.00,5.00,0.00
509,879989,1667664000,2011,away,1.00,1.00,1.00
510,868088,1667669400,45,home,0.00,2.00,0.00
511,868088,1667669400,46,away,2.00,8.00,2.00
512,879993,1667732400,1084,home,2.00,8.00,2.00
513,879993,1667732400,597,away,2.00,3.00,2.00
514,868087,1667736000,49,home,0.00,1.00,0.00
515,868087,1667736000,42,away,1.00,2.00,1.00
516,879991,1667741400,3985,home,0.00,1.00,0.00
517,879991,1667741400,1079,away,2.00,6.00,2.00
518,868086,1667743200,66,home,3.00,4.00,3.00
519,868086,1667743200,33,away,1.00,3.00,1.00
520,868094,1667743200,48,home,1.00,2.00,1.00
521,868094,1667743200,52,away,2.00,6.00,2.00
522,868092,1667743200,41,home,1.00,5.00,1.00
523,868092,1667743200,34,away,4.00,4.00,4.00
524,879988,1667750400,779,home,2.00,4.00,2.00
525,879988,1667750400,1088,away,1.00,7.00,1.00
526,868093,1667752200,47,home,1.00,5.00,1.00
527,868093,1667752200,40,away,2.00,6.00,2.00
528,945935,1667936700,35,home,4.00,7.00,4.00
529,945935,1667936700,45,away,1.00,2.00,1.00
530,945933,1668023100,65,home,2.00,8.00,2.00
531,945933,1668023100,47,away,0.00,2.00,0.00
532,945932,1668023100,39,home,1.00,5.00,1.00
533,945932,1668023100,63,away,0.00,7.00,0.00
534,945944,1668023100,42,home,1.00,4.00,1.00
535,945944,1668023100,51,away,3.00,4.00,3.00
536,945942,1668023100,34,home,0.00,4.00,0.00
537,945942,1668023100,52,away,0.00,3.00,0.00
538,945939,1668024000,50,home,2.00,9.00,2.00
539,945939,1668024000,49,away,0.00,5.00,0.00
540,945934,1668110400,33,home,4.00,8.00,4.00
541,945934,1668110400,66,away,2.00,2.00,2.00
542,880000,1668182400,2011,home,3.00,4.00,3.00
543,880000,1668182400,1085,away,2.00,6.00,2.00
544,880001,1668243600,1084,home,2.00,5.00,2.00
545,880001,1668243600,1993,away,0.00,1.00,0.00
546,879995,1668250800,1079,home,1.00,11.00,1.00
547,879995,1668250800,779,away,3.00,4.00,3.00
548,868100,1668256200,50,home,1.00,6.00,1.00
549,868100,1668256200,55,away,2.00,8.00,2.00
550,879998,1668259800,3985,home,0.00,2.00,0.00
551,879998,1668259800,596,away,2.00,5.00,2.00
552,868103,1668265200,47,home,4.00,8.00,4.00
553,868103,1668265200,63,away,3.00,5.00,3.00
554,868104,1668265200,48,home,0.00,6.00,0.00
555,868104,1668265200,46,away,2.00,6.00,2.00
556,868102,1668265200,65,home,1.00,2.00,1.00
557,868102,1668265200,52,away,0.00,0.00,0.00
558,868099,1668265200,40,home,3.00,7.00,3.00
559,868099,1668265200,41,away,1.00,5.00,1.00
560,868096,1668265200,35,home,3.00,9.00,3.00
561,868096,1668265200,45,away,0.00,3.00,0.00
562,879997,1668270600,597,home,1.00,6.00,1.00
563,879997,1668270600,558,away,2.00,7.00,2.00
564,868101,1668274200,34,home,1.00,3.00,1.00
565,868101,1668274200,49,away,0.00,2.00,0.00
566,868105,1668282300,39,home,0.00,2.00,0.00
567,868105,1668282300,42,away,2.00,4.00,2.00
568,879999,1668337200,1080,home,5.00,9.00,5.00
569,879999,1668337200,621,away,1.00,4.00,1.00
570,880002,1668346200,1994,home,0.00,2.00,0.00
571,880002,1668346200,2012,away,2.00,8.00,2.00
572,868097,1668348000,51,home,1.00,2.00,1.00
573,868097,1668348000,66,away,2.00,2.00,2.00
574,868098,1668357000,36,home,1.00,7.00,1.00
575,868098,1668357000,33,away,2.00,9.00,2.00
576,879996,1668357000,1088,home,2.00,5.00,2.00
577,879996,1668357000,555,away,1.00,5.00,1.00
578,945703,1668610800,1993,home,0.00,3.00,0.00
579,945703,1668610800,596,away,2.00,5.00,2.00
580,945708,1669118400,1084,home,0.00,0.00,0.00
581,945708,1669118400,555,away,0.00,0.00,0.00
582,945702,1669127400,1994,home,1.00,2.00,1.00
583,945702,1669127400,2011,away,1.00,6.00,1.00
584,945707,1669136400,3985,home,1.00,7.00,1.00
585,945707,1669136400,2012,away,1.00,4.00,1.00
586,945705,1669201200,1080,home,4.00,4.00,4.00
587,945705,1669201200,779,away,2.00,2.00,2.00
588,945706,1669208400,1085,home,2.00,5.00,2.00
589,945706,1669208400,1088,away,1.00,7.00,1.00
590,945704,1669215600,1079,home,2.00,7.00,2.00
591,945704,1669215600,558,away,1.00,7.00,1.00
592,945701,1669222800,621,home,1.00,2.00,1.00
593,945701,1669222800,597,away,0.00,3.00,0.00
594,945716,1669467600,3985,home,1.00,1.00,1.00
595,945716,1669467600,1084,away,2.00,2.00,2.00
596,945715,1669467600,2012,home,1.00,4.00,1.00
597,945715,1669467600,555,away,2.00,3.00,2.00
598,945713,1669546800,779,home,3.00,8.00,3.00
599,945713,1669546800,1085,away,0.00,4.00,0.00
600,945714,1669546800,1088,home,1.00,1.00,1.00
601,945714,1669546800,1080,away,0.00,0.00,0.00
602,945712,1669554000,1079,home,1.00,5.00,1.00
603,945712,1669554000,1993,away,0.00,4.00,0.00
604,945711,1669554000,596,home,0.00,0.00,0.00
605,945711,1669554000,558,away,0.00,0.00,0.00
606,945710,1669564800,621,home,4.00,4.00,4.00
607,945710,1669564800,1994,away,1.00,1.00,1.00
608,945709,1669564800,597,home,3.00,8.00,3.00
609,945709,1669564800,2011,away,1.00,2.00,1.00
610,972361,1671565500,34,home,1.00,5.00,1.00
611,972361,1671565500,35,away,0.00,2.00,0.00
612,972362,1671739200,50,home,3.00,9.00,3.00
613,972362,1671739200,40,away,2.00,2.00,2.00
614,868108,1672057800,55,home,2.00,5.00,2.00
615,868108,1672057800,47,away,2.00,8.00,2.00
616,868111,1672066800,45,home,1.00,6.00,1.00
617,868111,1672066800,39,away,2.00,4.00,2.00
618,868110,1672066800,52,home,0.00,0.00,0.00
619,868110,1672066800,36,away,3.00,11.00,3.00
620,868113,1672066800,46,home,0.00,2.00,0.00
621,868113,1672066800,34,away,3.00,5.00,3.00
622,868115,1672066800,41,home,1.00,4.00,1.00
623,868115,1672066800,51,away,3.00,4.00,3.00
624,868107,1672075800,66,home,1.00,6.00,1.00
625,868107,1672075800,40,away,3.00,9.00,3.00
626,868106,1672084800,42,home,3.00,5.00,3.00
627,868106,1672084800,48,away,1.00,4.00,1.00
628,868109,1672162200,49,home,2.00,5.00,2.00
629,868109,1672162200,35,away,0.00,4.00,0.00
630,868114,1672171200,33,home,3.00,8.00,3.00
631,868114,1672171200,65,away,0.00,3.00,0.00
632,868112,1672257600,63,home,1.00,1.00,1.00
633,868112,1672257600,50,away,3.00,9.00,3.00
634,868124,1672429500,48,home,0.00,5.00,0.00
635,868124,1672429500,55,away,2.00,6.00,2.00
636,868119,1672430400,40,home,2.00,5.00,2.00
637,868119,1672430400,46,away,1.00,2.00,1.00
638,868125,1672489800,39,home,0.00,3.00,0.00
639,868125,1672489800,33,away,1.00,6.00,1.00
640,868116,1672498800,35,home,0.00,2.00,0.00
641,868116,1672498800,52,away,2.00,6.00,2.00
642,868118,1672498800,36,home,2.00,2.00,2.00
643,868118,1672498800,41,away,1.00,3.00,1.00
644,868121,1672498800,34,home,0.00,5.00,0.00
645,868121,1672498800,63,away,0.00,1.00,0.00
646,868120,1672498800,50,home,1.00,3.00,1.00
647,868120,1672498800,45,away,1.00,1.00,1.00
648,868117,1672507800,51,home,2.00,5.00,2.00
649,868117,1672507800,42,away,4.00,7.00,4.00
650,868123,1672581600,47,home,0.00,2.00,0.00
651,868123,1672581600,66,away,2.00,4.00,2.00
652,868122,1672590600,65,home,1.00,5.00,1.00
653,868122,1672590600,49,away,1.00,2.00,1.00
654,868128,1672680600,55,home,3.00,7.00,3.00
655,868128,1672680600,40,away,1.00,6.00,1.00
656,868133,1672775100,46,home,0.00,6.00,0.00
657,868133,1672775100,36,away,1.00,2.00,1.00
658,868131,1672775100,45,home,1.00,4.00,1.00
659,868131,1672775100,51,away,4.00,8.00,4.00
660,868126,1672775100,42,home,0.00,4.00,0.00
661,868126,1672775100,34,away,0.00,1.00,0.00
662,868134,1672776000,33,home,3.00,6.00,3.00
663,868134,1672776000,35,away,0.00,4.00,0.00
664,868135,1672860600,41,home,0.00,0.00,0.00
665,868135,1672860600,65,away,1.00,1.00,1.00
666,868132,1672861500,63,home,2.00,6.00,2.00
667,868132,1672861500,48,away,2.00,2.00,2.00
668,868127,1672862400,66,home,1.00,4.00,1.00
669,868127,1672862400,39,away,1.00,3.00,1.00
670,868130,1672862400,52,home,0.00,4.00,0.00
671,868130,1672862400,47,away,4.00,6.00,4.00
672,868129,1672948800,49,home,0.00,2.00,0.00
673,868129,1672948800,50,away,1.00,3.00,1.00
674,976488,1673035200,33,home,3.00,7.00,3.00
675,976488,1673035200,45,away,1.00,5.00,1.00
676,976484,1673094600,52,home,1.00,2.00,1.00
677,976484,1673094600,41,away,2.00,4.00,2.00
678,976469,1673112600,55,home,0.00,1.00,0.00
679,976469,1673112600,48,away,1.00,1.00,1.00
680,976477,1673121600,40,home,2.00,3.00,2.00
681,976477,1673121600,39,away,2.00,5.00,2.00
682,976464,1673195400,50,home,4.00,7.00,4.00
683,976464,1673195400,49,away,0.00,1.00,0.00
684,981789,1673380800,34,home,2.00,9.00,2.00
685,981789,1673380800,46,away,0.00,1.00,0.00
686,981788,1673466300,65,home,1.00,2.00,1.00
687,981788,1673466300,39,away,1.00,5.00,1.00
688,981787,1673467200,41,home,2.00,4.00,2.00
689,981787,1673467200,50,away,0.00,0.00,0.00
690,868009,1673553600,36,home,2.00,3.00,2.00
691,868009,1673553600,49,away,1.00,10.00,1.00
692,868136,1673640000,66,home,2.00,5.00,2.00
693,868136,1673640000,63,away,1.00,4.00,1.00
694,868141,1673699400,33,home,2.00,4.00,2.00
695,868141,1673699400,50,away,1.00,1.00,1.00
696,868140,1673708400,45,home,1.00,4.00,1.00
697,868140,1673708400,41,away,2.00,5.00,2.00
698,868138,1673708400,51,home,3.00,9.00,3.00
699,868138,1673708400,40,away,0.00,2.00,0.00
700,868145,1673708400,39,home,1.00,4.00,1.00
701,868145,1673708400,48,away,0.00,4.00,0.00
702,868143,1673708400,65,home,2.00,5.00,2.00
703,868143,1673708400,46,away,0.00,1.00,0.00
704,868137,1673717400,55,home,2.00,4.00,2.00
705,868137,1673717400,35,away,0.00,2.00,0.00
706,868139,1673791200,49,home,1.00,5.00,1.00
707,868139,1673791200,52,away,0.00,5.00,0.00
708,868142,1673791200,34,home,1.00,5.00,1.00
709,868142,1673791200,36,away,0.00,0.00,0.00
710,868144,1673800200,47,home,0.00,7.00,0.00
711,868144,1673800200,42,away,2.00,5.00,2.00
712,986119,1673984700,39,home,0.00,2.00,0.00
713,986119,1673984700,40,away,1.00,2.00,1.00
714,868008,1674072000,52,home,1.00,5.00,0.53
715,868008,1674072000,33,away,1.00,4.00,2.08
716,868013,1674158400,50,home,4.00,6.00,2.37
717,868013,1674158400,47,away,2.00,3.00,0.81
718,868152,1674304200,40,home,0.00,3.00,1.40
719,868152,1674304200,49,away,0.00,2.00,1.65
720,868155,1674313200,48,home,2.00,4.00,2.27
721,868155,1674313200,45,away,0.00,2.00,0.55
722,868146,1674313200,35,home,1.00,4.00,1.42
723,868146,1674313200,65,away,1.00,5.00,1.93
724,868151,1674313200,46,home,2.00,2.00,0.99
725,868151,1674313200,51,away,2.00,4.00,2.14
726,868154,1674313200,41,home,0.00,5.00,0.58
727,868154,1674313200,66,away,1.00,5.00,1.37
728,868148,1674322200,52,home,0.00,1.00,0.30
729,868148,1674322200,34,away,0.00,7.00,1.25
730,868153,1674396000,50,home,3.00,7.00,2.78
731,868153,1674396000,39,away,0.00,1.00,0.79
732,868150,1674396000,63,home,0.00,5.00,0.49
733,868150,1674396000,55,away,0.00,0.00,0.40
734,868147,1674405000,42,home,3.00,5.00,3.25
735,868147,1674405000,33,away,2.00,4.00,0.36
736,868149,1674504000,36,home,0.00,5.00,0.99
737,868149,1674504000,47,away,1.00,3.00,0.92
738,986793,1674590400,41,home,0.00,3.00,0.00
739,986793,1674590400,34,away,1.00,3.00,1.00
740,986795,1674676800,65,home,0.00,4.00,0.00
741,986795,1674676800,33,away,3.00,6.00,3.00
742,986497,1674849600,50,home,1.00,3.00,1.00
743,986497,1674849600,42,away,0.00,2.00,0.00
744,990835,1674999000,51,home,2.00,6.00,2.00
745,990835,1674999000,40,away,1.00,2.00,1.00
746,986794,1675195200,34,home,2.00,7.00,2.00
747,986794,1675195200,41,away,1.00,3.00,1.00
748,986796,1675281600,33,home,2.00,6.00,2.00
749,986796,1675281600,65,away,0.00,3.00,0.00
750,868159,1675454400,49,home,0.00,3.00,1.33
751,868159,1675454400,36,away,0.00,4.00,0.65
752,868160,1675513800,45,home,1.00,4.00,1.67
753,868160,1675513800,42,away,0.00,3.00,0.91
754,868165,1675522800,39,home,3.00,6.00,2.03
755,868165,1675522800,40,away,0.00,4.00,1.96
756,868157,1675522800,55,home,3.00,4.00,2.15
757,868157,1675522800,41,away,0.00,6.00,0.66
758,868158,1675522800,51,home,1.00,6.00,2.50
759,868158,1675522800,35,away,0.00,2.00,1.18
760,868161,1675522800,33,home,2.00,5.00,2.04
761,868161,1675522800,52,away,1.00,3.00,1.36
762,868156,1675522800,66,home,2.00,4.00,1.71
763,868156,1675522800,46,away,4.00,5.00,2.57
764,868162,1675531800,34,home,1.00,2.00,1.01
765,868162,1675531800,48,away,1.00,1.00,1.01
766,868163,1675605600,65,home,1.00,2.00,0.39
767,868163,1675605600,63,away,0.00,4.00,0.89
768,868164,1675614600,47,home,1.00,3.00,1.46
769,868164,1675614600,50,away,0.00,5.00,1.32
770,868021,1675886400,33,home,2.00,7.00,2.04
771,868021,1675886400,63,away,2.00,2.00,0.63
772,868175,1676118600,48,home,1.00,2.00,1.29
773,868175,1676118600,49,away,1.00,4.00,1.15
774,868174,1676127600,41,home,1.00,2.00,1.16
775,868174,1676127600,39,away,2.00,2.00,0.83
776,868167,1676127600,42,home,1.00,7.00,1.55
777,868167,1676127600,55,away,1.00,2.00,2.01
778,868168,1676127600,52,home,1.00,1.00,1.08
779,868168,1676127600,51,away,1.00,7.00,2.50
780,868169,1676127600,36,home,2.00,3.00,1.56
781,868169,1676127600,65,away,0.00,1.00,0.66
782,868171,1676127600,46,home,4.00,7.00,1.68
783,868171,1676127600,47,away,1.00,4.00,1.36
784,868166,1676136600,35,home,1.00,5.00,1.56
785,868166,1676136600,34,away,1.00,7.00,1.32
786,868170,1676210400,63,home,0.00,6.00,1.81
787,868170,1676210400,33,away,2.00,5.00,1.12
788,868173,1676219400,50,home,3.00,9.00,3.36
789,868173,1676219400,66,away,1.00,2.00,0.27
790,868172,1676318400,40,home,2.00,6.00,2.33
791,868172,1676318400,45,away,0.00,1.00,0.36
792,868057,1676489400,42,home,1.00,1.00,1.64
793,868057,1676489400,50,away,3.00,6.00,1.80
794,868176,1676723400,66,home,2.00,5.00,0.51
795,868176,1676723400,42,away,4.00,5.00,3.28
796,868177,1676732400,55,home,1.00,5.00,0.89
797,868177,1676732400,52,away,1.00,4.00,1.09
798,868178,1676732400,51,home,0.00,7.00,2.22
799,868178,1676732400,36,away,1.00,2.00,0.34
800,868179,1676732400,49,home,0.00,5.00,1.62
801,868179,1676732400,41,away,1.00,5.00,0.60
802,868180,1676732400,45,home,1.00,6.00,1.47
803,868180,1676732400,63,away,0.00,0.00,0.54
804,868185,1676732400,39,home,0.00,4.00,1.29
805,868185,1676732400,35,away,1.00,1.00,1.07
806,868183,1676732400,65,home,1.00,1.00,0.95
807,868183,1676732400,50,away,1.00,6.00,2.40
808,868182,1676741400,34,home,0.00,4.00,2.04
809,868182,1676741400,40,away,2.00,7.00,1.87
810,868181,1676815200,33,home,3.00,8.00,4.47
811,868181,1676815200,46,away,0.00,3.00,1.63
812,868184,1676824200,47,home,2.00,6.00,1.55
813,868184,1676824200,48,away,0.00,1.00,0.48
814,985652,1677076200,779,home,1.00,2.00,1.00
815,985652,1677076200,1084,away,1.00,2.00,1.00
816,985648,1677085200,597,home,0.00,3.00,0.00
817,985648,1677085200,558,away,1.00,4.00,1.00
818,985650,1677153600,1079,home,2.00,6.00,2.00
819,985650,1677153600,1088,away,1.00,6.00,1.00
820,985654,1677162600,555,home,3.00,11.00,3.00
821,985654,1677162600,621,away,0.00,2.00,0.00
822,868189,1677268800,36,home,1.00,5.00,0.46
823,868189,1677268800,39,away,1.00,2.00,0.78
824,868188,1677337200,45,home,0.00,5.00,1.71
825,868188,1677337200,66,away,2.00,5.00,1.94
826,868195,1677337200,48,home,4.00,5.00,2.73
827,868195,1677337200,65,away,0.00,3.00,0.42
828,868191,1677337200,46,home,0.00,0.00,0.02
829,868191,1677337200,42,away,1.00,2.00,0.66
830,868190,1677337200,63,home,1.00,4.00,0.91
831,868190,1677337200,41,away,0.00,2.00,0.38
832,868186,1677346200,35,home,1.00,2.00,1.32
833,868186,1677346200,50,away,4.00,5.00,2.52
834,868187,1677354300,52,home,0.00,0.00,0.70
835,868187,1677354300,40,away,0.00,4.00,0.90
836,868194,1677418200,47,home,2.00,3.00,0.80
837,868194,1677418200,49,away,0.00,2.00,0.42
838,998280,1677429000,33,home,2.00,10.00,2.00
839,998280,1677429000,34,away,0.00,2.00,0.00
840,985653,1677506400,1084,home,2.00,4.00,2.00
841,985653,1677506400,779,away,1.00,4.00,1.00
842,985649,1677517200,558,home,4.00,8.00,4.00
843,985649,1677517200,597,away,2.00,8.00,2.00
844,985655,1677601800,621,home,1.00,7.00,1.00
845,985655,1677601800,555,away,0.00,2.00,0.00
846,1004838,1677613500,36,home,2.00,3.00,2.00
847,1004838,1677613500,63,away,0.00,6.00,0.00
848,985651,1677690000,1088,home,1.00,3.00,1.00
849,985651,1677690000,1079,away,1.00,5.00,1.00
850,868007,1677699900,42,home,4.00,5.00,2.65
851,868007,1677699900,45,away,0.00,5.00,1.17
852,997626,1677699900,33,home,3.00,8.00,3.00
853,997626,1677699900,48,away,1.00,7.00,1.00
854,868012,1677700800,40,home,2.00,6.00,2.61
855,868012,1677700800,39,away,0.00,1.00,0.92
856,880010,1677859200,1993,home,1.00,2.00,1.00
857,880010,1677859200,1994,away,1.00,4.00,1.00
858,880004,1677927600,558,home,2.00,7.00,2.00
859,880004,1677927600,1084,away,2.00,3.00,2.00
860,868202,1677933000,50,home,2.00,3.00,1.34
861,868202,1677933000,34,away,0.00,2.00,0.43
862,880003,1677936600,596,home,3.00,12.00,3.00
863,880003,1677936600,2011,away,0.00,0.00,0.00
864,880008,1677936600,1085,home,3.00,7.00,3.00
865,880008,1677936600,1080,away,1.00,3.00,1.00
866,868197,1677942000,66,home,1.00,1.00,1.20
867,868197,1677942000,52,away,0.00,0.00,0.17
868,868205,1677942000,39,home,1.00,5.00,0.52
869,868205,1677942000,47,away,0.00,6.00,1.20
870,868199,1677942000,51,home,4.00,9.00,3.70
871,868199,1677942000,48,away,0.00,2.00,0.33
872,868196,1677942000,42,home,3.00,9.00,2.17
873,868196,1677942000,35,away,2.00,4.00,1.33
874,868200,1677942000,49,home,1.00,3.00,1.46
875,868200,1677942000,63,away,0.00,2.00,1.05
876,880005,1677947400,779,home,1.00,5.00,1.00
877,880005,1677947400,597,away,3.00,7.00,3.00
878,868204,1677951000,41,home,1.00,5.00,1.38
879,868204,1677951000,46,away,0.00,0.00,1.93
880,880007,1678014000,1088,home,1.00,3.00,1.00
881,880007,1678014000,1079,away,0.00,8.00,0.00
882,880006,1678023000,621,home,2.00,8.00,2.00
883,880006,1678023000,3985,away,2.00,3.00,2.00
884,868203,1678024800,65,home,2.00,4.00,0.84
885,868203,1678024800,45,away,2.00,3.00,1.70
886,880009,1678033800,2012,home,2.00,4.00,2.00
887,880009,1678033800,555,away,0.00,3.00,0.00
888,868201,1678033800,40,home,7.00,8.00,2.78
889,868201,1678033800,33,away,0.00,4.00,0.82
890,868198,1678132800,55,home,3.00,6.00,2.20
891,868198,1678132800,36,away,2.00,5.00,1.52
892,880017,1678464000,2012,home,0.00,2.00,0.00
893,880017,1678464000,1080,away,4.00,4.00,4.00
894,880018,1678532400,3985,home,0.00,5.00,0.00
895,880018,1678532400,1084,away,1.00,4.00,1.00
896,868206,1678537800,35,home,1.00,2.00,0.86
897,868206,1678537800,40,away,0.00,6.00,1.75
898,880012,1678541400,558,home,3.00,10.00,3.00
899,880012,1678541400,1993,away,2.00,2.00,2.00
900,880016,1678541400,1085,home,0.00,5.00,0.00
901,880016,1678541400,597,away,1.00,1.00,1.00
902,868208,1678546800,45,home,1.00,6.00,1.03
903,868208,1678546800,55,away,0.00,4.00,2.10
904,868210,1678546800,63,home,2.00,4.00,1.66
905,868210,1678546800,51,away,2.00,2.00,1.89
906,868211,1678546800,46,home,1.00,7.00,2.52
907,868211,1678546800,49,away,3.00,6.00,1.57
908,868214,1678546800,47,home,3.00,7.00,2.00
909,868214,1678546800,65,away,1.00,5.00,1.54
910,880014,1678550400,621,home,3.00,4.00,3.00
911,880014,1678550400,1088,away,1.00,1.00,1.00
912,868207,1678555800,52,home,0.00,0.00,0.21
913,868207,1678555800,50,away,1.00,4.00,2.08
914,880011,1678618800,596,home,3.00,9.00,3.00
915,880011,1678618800,1994,away,2.00,6.00,2.00
916,880015,1678627800,555,home,4.00,6.00,4.00
917,880015,1678627800,1079,away,0.00,1.00,0.00
918,868212,1678629600,33,home,0.00,4.00,0.86
919,868212,1678629600,41,away,0.00,4.00,1.11
920,868215,1678629600,48,home,1.00,6.00,2.22
921,868215,1678629600,66,away,1.00,4.00,1.58
922,868209,1678629600,36,home,0.00,2.00,0.85
923,868209,1678629600,42,away,3.00,7.00,2.38
924,868213,1678638600,34,home,2.00,8.00,1.81
925,868213,1678638600,39,away,1.00,4.00,1.11
926,880013,1678638600,779,home,2.00,5.00,2.00
927,880013,1678638600,2011,away,1.00,6.00,1.00
928,1011482,1678813200,558,home,1.00,2.00,1.00
929,1011482,1678813200,1084,away,1.00,5.00,1.00
930,1011976,1678881600,1085,home,0.00,2.00,0.00
931,1011976,1678881600,621,away,3.00,8.00,3.00
932,1011484,1678890600,1079,home,2.00,2.00,2.00
933,1011484,1678890600,555,away,2.00,4.00,2.00
934,1011974,1678899600,596,home,1.00,4.00,1.00
935,1011974,1678899600,1088,away,1.00,1.00,1.00
936,868018,1678908600,51,home,1.00,5.00,0.60
937,868018,1678908600,52,away,0.00,3.00,1.20
938,868014,1678908600,41,home,0.00,1.00,0.52
939,868014,1678908600,55,away,2.00,5.00,1.88
940,1011977,1678978800,2011,home,0.00,1.00,0.00
941,1011977,1678978800,779,away,1.00,4.00,1.00
942,868223,1679083200,65,home,1.00,3.00,0.37
943,868223,1679083200,34,away,2.00,4.00,2.48
944,880022,1679130000,1080,home,2.00,7.00,2.00
945,880022,1679130000,558,away,0.00,1.00,0.00
946,880025,1679138100,1084,home,0.00,3.00,0.00
947,880025,1679138100,1088,away,1.00,3.00,1.00
948,880024,1679146200,1993,home,3.00,6.00,3.00
949,880024,1679146200,2012,away,0.00,0.00,0.00
950,868224,1679151600,41,home,3.00,7.00,2.51
951,868224,1679151600,47,away,3.00,3.00,2.27
952,868225,1679151600,39,home,2.00,8.00,2.78
953,868225,1679151600,63,away,4.00,4.00,1.62
954,868218,1679151600,55,home,1.00,2.00,0.64
955,868218,1679151600,46,away,1.00,1.00,1.35
956,868217,1679151600,66,home,3.00,9.00,3.66
957,868217,1679151600,35,away,0.00,3.00,1.36
958,880021,1679157000,597,home,3.00,6.00,3.00
959,880021,1679157000,621,away,2.00,6.00,2.00
960,868220,1679160600,49,home,2.00,7.00,2.37
961,868220,1679160600,45,away,2.00,3.00,1.27
962,880026,1679223600,1994,home,0.00,2.00,0.00
963,880026,1679223600,779,away,1.00,6.00,1.00
964,880019,1679232600,1079,home,0.00,8.00,0.00
965,880019,1679232600,1085,away,1.00,3.00,1.00
966,880023,1679232600,2011,home,1.00,9.00,1.00
967,880023,1679232600,3985,away,1.00,4.00,1.00
968,868216,1679234400,42,home,4.00,5.00,1.57
969,868216,1679234400,52,away,1.00,5.00,0.78
970,1011479,1679243400,33,home,3.00,10.00,3.00
971,1011479,1679243400,36,away,1.00,6.00,1.00
972,880020,1679243400,555,home,1.00,7.00,1.00
973,880020,1679243400,596,away,0.00,1.00,0.00
974,880032,1680346800,2011,home,0.00,2.00,0.00
975,880032,1680346800,597,away,4.00,6.00,4.00
976,880031,1680346800,1088,home,0.00,6.00,0.00
977,880031,1680346800,2012,away,2.00,2.00,2.00
978,868232,1680348600,50,home,4.00,8.00,2.96
979,868232,1680348600,40,away,1.00,1.00,0.33
980,880028,1680355800,558,home,0.00,6.00,0.00
981,880028,1680355800,1085,away,0.00,1.00,0.00
982,868228,1680357600,51,home,3.00,15.00,4.47
983,868228,1680357600,55,away,3.00,5.00,1.60
984,868227,1680357600,42,home,4.00,6.00,3.78
985,868227,1680357600,63,away,1.00,5.00,0.72
986,868226,1680357600,35,home,2.00,7.00,2.65
987,868226,1680357600,36,away,1.00,2.00,0.84
988,868230,1680357600,52,home,2.00,9.00,2.42
989,868230,1680357600,46,away,1.00,2.00,0.22
990,868234,1680357600,65,home,1.00,7.00,1.32
991,868234,1680357600,39,away,1.00,1.00,0.49
992,880027,1680364800,596,home,2.00,6.00,2.00
993,880027,1680364800,1084,away,0.00,1.00,0.00
994,868229,1680366600,49,home,0.00,8.00,2.16
995,868229,1680366600,66,away,2.00,2.00,0.92
996,880030,1680433200,1079,home,1.00,5.00,1.00
997,880030,1680433200,1080,away,1.00,3.00,1.00
998,880034,1680433200,1994,home,0.00,2.00,0.00
999,880034,1680433200,621,away,6.00,12.00,6.00
1000,868235,1680440400,48,home,1.00,2.00,1.40
1001,868235,1680440400,41,away,0.00,3.00,0.30
1002,880033,1680442200,1993,home,0.00,2.00,0.00
1003,880033,1680442200,555,away,2.00,6.00,2.00
1004,868233,1680449400,34,home,2.00,6.00,3.68
1005,868233,1680449400,33,away,0.00,1.00,0.43
1006,880029,1680451200,779,home,2.00,9.00,2.00
1007,880029,1680451200,3985,away,1.00,2.00,1.00
1008,868231,1680548400,45,home,1.00,6.00,0.91
1009,868231,1680548400,47,away,1.00,2.00,1.44
1010,1011483,1680616800,1084,home,2.00,4.00,2.00
1011,1011483,1680616800,558,away,1.00,6.00,1.00
1012,868010,1680633900,63,home,2.00,6.00,1.86
1013,868010,1680633900,65,away,1.00,1.00,0.80
1014,868011,1680633900,46,home,1.00,4.00,0.47
1015,868011,1680633900,66,away,2.00,5.00,1.02
1016,868006,1680633900,35,home,0.00,3.00,1.74
1017,868006,1680633900,51,away,2.00,6.00,2.67
1018,868019,1680634800,49,home,0.00,3.00,2.17
1019,868019,1680634800,40,away,0.00,4.00,0.35
1020,1011485,1680712200,555,home,1.00,1.00,1.00
1021,1011485,1680712200,1079,away,0.00,0.00,0.00
1022,868192,1680721200,33,home,1.00,3.00,1.20
1023,868192,1680721200,55,away,0.00,1.00,0.71
1024,868015,1680721200,48,home,1.00,2.00,0.98
1025,868015,1680721200,34,away,5.00,8.00,3.29
1026,1017113,1680800400,621,home,1.00,1.00,1.00
1027,1017113,1680800400,779,away,1.00,1.00,1.00
1028,880041,1680951600,3985,home,2.00,4.00,2.00
1029,880041,1680951600,1993,away,0.00,4.00,0.00
1030,868242,1680953400,33,home,2.00,11.00,3.46
1031,868242,1680953400,45,away,0.00,1.00,1.02
1032,880039,1680960600,1085,home,2.00,5.00,2.00
1033,880039,1680960600,1084,away,0.00,1.00,0.00
1034,868236,1680962400,66,home,2.00,3.00,1.30
1035,868236,1680962400,65,away,0.00,2.00,0.25
1036,868240,1680962400,46,home,0.00,4.00,0.69
1037,868240,1680962400,35,away,1.00,7.00,2.15
1038,868237,1680962400,55,home,1.00,6.00,2.57
1039,868237,1680962400,34,away,2.00,4.00,1.31
1040,868238,1680962400,36,home,0.00,3.00,0.68
1041,868238,1680962400,48,away,1.00,5.00,1.09
1042,868244,1680962400,47,home,2.00,3.00,0.83
1043,868244,1680962400,51,away,1.00,4.00,1.43
1044,868245,1680962400,39,home,1.00,4.00,0.55
1045,868245,1680962400,49,away,0.00,1.00,1.13
1046,880035,1680971400,558,home,3.00,7.00,3.00
1047,880035,1680971400,1088,away,3.00,4.00,3.00
1048,868243,1680971400,41,home,1.00,1.00,0.41
1049,868243,1680971400,50,away,4.00,8.00,2.91
1050,880040,1681038000,2012,home,1.00,4.00,1.00
1051,880040,1681038000,1079,away,2.00,3.00,2.00
1052,868239,1681045200,63,home,1.00,7.00,0.93
1053,868239,1681045200,52,away,5.00,8.00,3.15
1054,880037,1681047000,555,home,3.00,8.00,3.00
1055,880037,1681047000,1994,away,0.00,1.00,0.00
1056,868241,1681054200,40,home,2.00,6.00,3.96
1057,868241,1681054200,42,away,2.00,5.00,1.41
1058,880036,1681056000,621,home,3.00,4.00,3.00
1059,880036,1681056000,2011,away,1.00,5.00,1.00
1060,880038,1681059600,597,home,1.00,1.00,1.00
1061,880038,1681059600,596,away,2.00,5.00,2.00
1062,880042,1681135200,1080,home,2.00,8.00,2.00
1063,880042,1681135200,779,away,2.00,5.00,2.00
1064,880044,1681556400,1079,home,0.00,5.00,0.00
1065,880044,1681556400,1994,away,0.00,3.00,0.00
1066,880045,1681556400,1088,home,3.00,7.00,3.00
1067,880045,1681556400,2011,away,1.00,2.00,1.00
1068,868246,1681558200,66,home,3.00,6.00,1.93
1069,868246,1681558200,34,away,0.00,2.00,0.52
1070,880050,1681565400,1084,home,1.00,2.00,1.00
1071,880050,1681565400,555,away,2.00,6.00,2.00
1072,880046,1681565400,2012,home,0.00,4.00,0.00
1073,880046,1681565400,621,away,2.00,9.00,2.00
1074,868247,1681567200,49,home,1.00,2.00,0.54
1075,868247,1681567200,51,away,2.00,10.00,2.94
1076,868255,1681567200,39,home,2.00,9.00,0.76
1077,868255,1681567200,55,away,0.00,3.00,1.17
1078,868248,1681567200,45,home,1.00,7.00,1.40
1079,868248,1681567200,36,away,3.00,7.00,1.82
1080,868252,1681567200,41,home,0.00,4.00,0.78
1081,868252,1681567200,52,away,2.00,2.00,0.87
1082,868253,1681568100,47,home,2.00,8.00,2.23
1083,868253,1681568100,35,away,3.00,6.00,1.31
1084,880047,1681574400,3985,home,1.00,6.00,1.00
1085,880047,1681574400,558,away,2.00,7.00,2.00
1086,868250,1681576200,50,home,3.00,4.00,2.06
1087,868250,1681576200,46,away,1.00,4.00,2.36
1088,880048,1681642800,1080,home,1.00,3.00,1.00
1089,880048,1681642800,597,away,4.00,4.00,4.00
1090,868254,1681650000,48,home,2.00,3.00,1.81
1091,868254,1681650000,42,away,2.00,5.00,2.75
1092,880049,1681651800,1993,home,1.00,3.00,1.00
1093,880049,1681651800,1085,away,1.00,4.00,1.00
1094,868251,1681659000,65,home,0.00,0.00,0.73
1095,868251,1681659000,33,away,2.00,8.00,3.48
1096,880043,1681660800,779,home,0.00,4.00,0.00
1097,880043,1681660800,596,away,0.00,1.00,0.00
1098,868249,1681758000,63,home,1.00,3.00,1.38
1099,868249,1681758000,40,away,6.00,7.00,2.73
1100,1020904,1681920000,555,home,1.00,8.00,1.00
1101,1020904,1681920000,1084,away,1.00,1.00,1.00
1102,1020906,1681920000,621,home,2.00,2.00,2.00
1103,1020906,1681920000,1079,away,2.00,2.00,2.00
1104,868257,1682103600,42,home,3.00,6.00,2.59
1105,868257,1682103600,41,away,3.00,6.00,1.33
1106,880058,1682161200,1994,home,4.00,7.00,4.00
1107,880058,1682161200,3985,away,2.00,8.00,2.00
1108,868261,1682163000,36,home,2.00,5.00,1.68
1109,868261,1682163000,63,away,1.00,2.00,0.89
1110,880056,1682170200,1993,home,1.00,3.00,1.00
1111,880056,1682170200,1080,away,3.00,6.00,3.00
1112,868258,1682172000,55,home,1.00,5.00,2.74
1113,868258,1682172000,66,away,1.00,2.00,1.74
1114,868260,1682172000,52,home,0.00,2.00,0.51
1115,868260,1682172000,45,away,0.00,5.00,0.39
1116,868262,1682172000,46,home,2.00,8.00,2.43
1117,868262,1682172000,39,away,1.00,3.00,0.90
1118,868263,1682172000,40,home,3.00,6.00,2.84
1119,868263,1682172000,65,away,2.00,5.00,0.85
1120,880051,1682179200,596,home,3.00,8.00,3.00
1121,880051,1682179200,1088,away,1.00,3.00,1.00
1122,880057,1682240400,1084,home,1.00,4.00,1.00
1123,880057,1682240400,779,away,3.00,6.00,3.00
1124,880055,1682247600,2011,home,2.00,2.00,2.00
1125,880055,1682247600,1079,away,1.00,4.00,1.00
1126,868265,1682254800,34,home,6.00,8.00,3.85
1127,868265,1682254800,47,away,1.00,3.00,1.03
1128,868256,1682254800,35,home,0.00,5.00,1.52
1129,868256,1682254800,48,away,4.00,10.00,2.43
1130,880054,1682256600,1085,home,1.00,6.00,1.00
1131,880054,1682256600,2012,away,0.00,2.00,0.00
1132,1017111,1682263800,51,home,0.00,5.00,0.00
1133,1017111,1682263800,33,away,0.00,6.00,0.00
1134,880053,1682267400,555,home,1.00,10.00,1.00
1135,880053,1682267400,597,away,1.00,2.00,1.00
1136,880052,1682352000,558,home,4.00,7.00,4.00
1137,880052,1682352000,621,away,3.00,6.00,3.00
1138,868271,1682447400,39,home,2.00,3.00,1.36
1139,868271,1682447400,52,away,0.00,4.00,0.77
1140,868272,1682448300,66,home,1.00,3.00,1.02
1141,868272,1682448300,36,away,0.00,0.00,0.10
1142,868267,1682449200,63,home,1.00,3.00,1.68
1143,868267,1682449200,46,away,1.00,3.00,2.19
1144,868268,1682533800,65,home,3.00,5.00,2.43
1145,868268,1682533800,51,away,1.00,7.00,2.34
1146,868273,1682534700,49,home,0.00,4.00,1.27
1147,868273,1682534700,55,away,2.00,1.00,1.15
1148,868270,1682534700,48,home,1.00,2.00,0.80
1149,868270,1682534700,40,away,2.00,4.00,2.11
1150,868275,1682535600,50,home,4.00,9.00,2.53
1151,868275,1682535600,42,away,1.00,2.00,0.48
1152,868274,1682621100,41,home,0.00,2.00,0.50
1153,868274,1682621100,35,away,1.00,2.00,0.95
1154,868266,1682621100,45,home,1.00,5.00,0.87
1155,868266,1682621100,34,away,4.00,8.00,2.43
1156,868269,1682622900,47,home,2.00,7.00,2.48
1157,868269,1682622900,33,away,2.00,8.00,2.03
1158,880062,1682701200,1088,home,0.00,6.00,0.00
1159,880062,1682701200,1993,away,2.00,3.00,2.00
1160,880061,1682766000,1079,home,1.00,4.00,1.00
1161,880061,1682766000,596,away,5.00,10.00,5.00
1162,868280,1682767800,52,home,4.00,6.00,2.13
1163,868280,1682767800,48,away,3.00,4.00,1.86
1164,880064,1682775000,1085,home,1.00,3.00,1.00
1165,880064,1682775000,555,away,3.00,5.00,3.00
1166,868279,1682776800,51,home,6.00,8.00,3.34
1167,868279,1682776800,39,away,0.00,2.00,0.75
1168,868278,1682776800,55,home,2.00,8.00,1.62
1169,868278,1682776800,65,away,1.00,3.00,0.72
1170,880060,1682784000,621,home,1.00,5.00,1.00
1171,880060,1682784000,1084,away,1.00,5.00,1.00
1172,880059,1682785800,558,home,1.00,6.00,1.00
1173,880059,1682785800,779,away,1.00,2.00,1.00
1174,880066,1682852400,1080,home,1.00,6.00,1.00
1175,880066,1682852400,2011,away,0.00,3.00,0.00
1176,868284,1682859600,33,home,1.00,6.00,1.25
1177,868284,1682859600,66,away,0.00,1.00,0.56
1178,868276,1682859600,35,home,4.00,7.00,1.96
1179,868276,1682859600,63,away,1.00,6.00,1.67
1180,868285,1682859600,34,home,3.00,5.00,4.38
1181,868285,1682859600,41,away,1.00,3.00,0.83
1182,868281,1682859600,36,home,1.00,1.00,0.19
1183,868281,1682859600,50,away,2.00,9.00,2.48
1184,880065,1682861400,2012,home,3.00,5.00,3.00
1185,880065,1682861400,3985,away,1.00,1.00,1.00
1186,868283,1682868600,40,home,4.00,4.00,2.20
1187,868283,1682868600,47,away,3.00,7.00,2.03
1188,880063,1682870400,597,home,5.00,10.00,5.00
1189,880063,1682870400,1994,away,1.00,6.00,1.00
1190,868282,1682967600,46,home,2.00,6.00,3.46
1191,868282,1682967600,45,away,2.00,8.00,3.09
1192,868277,1683054000,42,home,3.00,10.00,1.75
1193,868277,1683054000,49,away,1.00,4.00,0.76
1194,1020905,1683122400,1084,home,1.00,2.00,1.00
1195,1020905,1683122400,555,away,2.00,3.00,2.00
1196,868222,1683140400,50,home,3.00,7.00,2.30
1197,868222,1683140400,48,away,0.00,2.00,0.43
1198,868221,1683140400,40,home,1.00,3.00,1.83
1199,868221,1683140400,36,away,0.00,3.00,0.87
1200,868219,1683226800,51,home,1.00,6.00,2.29
1201,868219,1683226800,33,away,0.00,5.00,1.42
1202,880074,1683370800,1994,home,0.00,2.00,0.00
1203,880074,1683370800,1088,away,1.00,5.00,1.00
1204,880072,1683379800,3985,home,1.00,2.00,1.00
1205,880072,1683379800,1085,away,5.00,10.00,5.00
1206,868293,1683381600,47,home,1.00,3.00,0.88
1207,868293,1683381600,52,away,0.00,2.00,0.36
1208,868295,1683381600,39,home,1.00,2.00,0.76
1209,868295,1683381600,66,away,0.00,3.00,1.48
1210,868286,1683381600,35,home,1.00,4.00,1.29
1211,868286,1683381600,49,away,3.00,5.00,1.35
1212,868290,1683381600,50,home,2.00,6.00,2.57
1213,868290,1683381600,63,away,1.00,2.00,0.23
1214,880068,1683388800,779,home,0.00,1.00,0.00
1215,880068,1683388800,1993,away,2.00,3.00,2.00
1216,868289,1683390600,40,home,1.00,5.00,2.24
1217,868289,1683390600,55,away,0.00,1.00,0.20
1218,880073,1683457200,2011,home,0.00,1.00,0.00
1219,880073,1683457200,1084,away,0.00,1.00,0.00
1220,880070,1683466200,555,home,2.00,7.00,2.00
1221,880070,1683466200,1080,away,1.00,2.00,1.00
1222,880067,1683471600,596,home,3.00,3.00,3.00
1223,880067,1683471600,558,away,2.00,4.00,2.00
1224,868291,1683473400,34,home,0.00,5.00,1.32
1225,868291,1683473400,42,away,2.00,6.00,1.27
1226,880069,1683475200,621,home,2.00,8.00,2.00
1227,880069,1683475200,1079,away,1.00,1.00,1.00
1228,868294,1683482400,48,home,1.00,4.00,1.30
1229,868294,1683482400,33,away,0.00,4.00,1.18
1230,880071,1683554400,597,home,3.00,7.00,3.00
1231,880071,1683554400,2012,away,0.00,6.00,0.00
1232,868288,1683554400,36,home,5.00,7.00,1.64
1233,868288,1683554400,46,away,3.00,9.00,2.84
1234,868287,1683563400,51,home,1.00,5.00,3.26
1235,868287,1683563400,45,away,5.00,5.00,2.28
1236,868292,1683572400,65,home,4.00,4.00,1.80
1237,868292,1683572400,41,away,3.00,5.00,3.24
1238,880081,1683968400,1084,home,2.00,3.00,2.00
1239,880081,1683968400,1080,away,1.00,3.00,1.00
1240,880082,1683975600,1994,home,1.00,7.00,1.00
1241,880082,1683975600,558,away,1.00,8.00,1.00
1242,868302,1683977400,63,home,2.00,4.00,2.06
1243,868302,1683977400,34,away,2.00,5.00,2.42
1244,880075,1683984600,596,home,2.00,5.00,2.00
1245,880075,1683984600,621,away,2.00,3.00,2.00
1246,868299,1683986400,49,home,2.00,6.00,1.17
1247,868299,1683986400,65,away,2.00,2.00,1.30
1248,868297,1683986400,66,home,2.00,4.00,1.18
1249,868297,1683986400,47,away,1.00,2.00,1.37
1250,868304,1683986400,33,home,2.00,9.00,3.20
1251,868304,1683986400,39,away,0.00,0.00,0.33
1252,868305,1683986400,41,home,0.00,1.00,0.35
1253,868305,1683986400,36,away,2.00,4.00,1.40
1254,868300,1683986400,52,home,2.00,5.00,1.55
1255,868300,1683986400,35,away,0.00,0.00,0.31
1256,880077,1683993600,555,home,3.00,5.00,3.00
1257,880077,1683993600,3985,away,0.00,2.00,0.00
1258,880076,1684062000,1079,home,1.00,3.00,1.00
1259,880076,1684062000,597,away,1.00,2.00,1.00
1260,868301,1684069200,45,home,0.00,3.00,1.78
1261,868301,1684069200,50,away,3.00,4.00,0.76
1262,868298,1684069200,55,home,2.00,10.00,3.70
1263,868298,1684069200,48,away,0.00,4.00,0.23
1264,880078,1684071000,1088,home,0.00,3.00,0.00
1265,880078,1684071000,1085,away,3.00,5.00,3.00
1266,868296,1684078200,42,home,0.00,2.00,0.92
1267,868296,1684078200,51,away,3.00,6.00,1.72
1268,880079,1684080000,2012,home,1.00,8.00,1.00
1269,880079,1684080000,779,away,0.00,5.00,0.00
1270,880080,1684080000,1993,home,1.00,2.00,1.00
1271,880080,1684080000,2011,away,0.00,1.00,0.00
1272,868303,1684177200,46,home,0.00,4.00,0.41
1273,868303,1684177200,40,away,3.00,5.00,2.15
1274,1025224,1684341000,621,home,2.00,2.00,2.00
1275,1025224,1684341000,1084,away,1.00,1.00,1.00
1276,868193,1684434600,34,home,4.00,9.00,3.56
1277,868193,1684434600,51,away,1.00,2.00,0.51
1278,880086,1684580400,597,home,1.00,3.00,1.00
1279,880086,1684580400,1993,away,0.00,2.00,0.00
1280,868313,1684582200,47,home,1.00,8.00,1.83
1281,868313,1684582200,55,away,3.00,4.00,1.29
1282,880088,1684589400,3985,home,0.00,5.00,0.00
1283,880088,1684589400,1088,away,3.00,6.00,3.00
1284,880089,1684589400,1080,home,2.00,6.00,2.00
1285,880089,1684589400,596,away,2.00,5.00,2.00
1286,868315,1684591200,39,home,1.00,5.00,1.57
1287,868315,1684591200,45,away,1.00,4.00,1.99
1288,868309,1684591200,40,home,1.00,5.00,0.75
1289,868309,1684591200,66,away,1.00,3.00,1.35
1290,868306,1684591200,35,home,0.00,4.00,1.01
1291,868306,1684591200,33,away,1.00,5.00,1.41
1292,868308,1684591200,36,home,2.00,4.00,1.67
1293,868308,1684591200,52,away,2.00,5.00,1.55
1294,880087,1684598400,1085,home,3.00,6.00,3.00
1295,880087,1684598400,1994,away,0.00,3.00,0.00
1296,868312,1684600200,65,home,1.00,2.00,0.55
1297,868312,1684600200,42,away,0.00,3.00,0.64
1298,880085,1684666800,1079,home,3.00,5.00,3.00
1299,880085,1684666800,1084,away,0.00,3.00,0.00
1300,868314,1684672200,48,home,3.00,9.00,2.15
1301,868314,1684672200,63,away,1.00,3.00,0.90
1302,868307,1684674000,51,home,3.00,8.00,2.53
1303,868307,1684674000,41,away,1.00,1.00,0.60
1304,880083,1684675800,558,home,2.00,7.00,2.00
1305,880083,1684675800,555,away,1.00,5.00,1.00
1306,868310,1684681200,50,home,1.00,2.00,1.19
1307,868310,1684681200,49,away,0.00,6.00,1.25
1308,880084,1684684800,621,home,3.00,6.00,3.00
1309,880084,1684684800,779,away,0.00,1.00,0.00
1310,880090,1684771200,2011,home,4.00,6.00,4.00
1311,880090,1684771200,2012,away,0.00,0.00,0.00
1312,868311,1684782000,34,home,0.00,4.00,2.19
1313,868311,1684782000,46,away,0.00,1.00,0.09
1314,868259,1684954800,51,home,1.00,7.00,2.37
1315,868259,1684954800,50,away,1.00,4.00,1.82
1316,868264,1685041200,33,home,4.00,9.00,5.21
1317,868264,1685041200,49,away,1.00,5.00,1.94
1318,880098,1685185200,1994,home,0.00,1.00,0.00
1319,880098,1685185200,1084,away,3.00,5.00,3.00
1320,880096,1685194200,3985,home,1.00,3.00,1.00
1321,880096,1685194200,1080,away,3.00,7.00,3.00
1322,880093,1685203200,621,home,0.00,2.00,0.00
1323,880093,1685203200,555,away,0.00,4.00,0.00
1324,880095,1685203200,2012,home,1.00,4.00,1.00
1325,880095,1685203200,596,away,1.00,5.00,1.00
1326,880091,1685271600,558,home,0.00,2.00,0.00
1327,880091,1685271600,2011,away,0.00,4.00,0.00
1328,880097,1685280600,1993,home,2.00,2.00,2.00
1329,880097,1685280600,1079,away,1.00,1.00,1.00
1330,880094,1685280600,1088,home,2.00,4.00,2.00
1331,880094,1685280600,597,away,4.00,8.00,4.00
1332,868320,1685287800,52,home,1.00,3.00,1.47
1333,868320,1685287800,65,away,1.00,4.00,0.48
1334,868322,1685287800,63,home,1.00,2.00,1.50
1335,868322,1685287800,47,away,4.00,7.00,2.17
1336,868317,1685287800,66,home,2.00,5.00,2.85
1337,868317,1685287800,51,away,1.00,4.00,1.35
1338,868323,1685287800,46,home,2.00,4.00,1.42
1339,868323,1685287800,48,away,1.00,3.00,1.38
1340,868316,1685287800,42,home,5.00,8.00,2.81
1341,868316,1685287800,39,away,0.00,0.00,0.45
1342,868325,1685287800,41,home,4.00,10.00,1.82
1343,868325,1685287800,40,away,4.00,8.00,4.05
1344,868324,1685287800,33,home,2.00,8.00,2.89
1345,868324,1685287800,36,away,1.00,3.00,1.80
1346,868321,1685287800,45,home,1.00,6.00,1.04
1347,868321,1685287800,35,away,0.00,2.00,0.47
1348,868318,1685287800,55,home,1.00,4.00,1.27
1349,868318,1685287800,50,away,0.00,3.00,1.92
1350,868319,1685287800,49,home,1.00,5.00,2.27
1351,868319,1685287800,34,away,1.00,4.00,1.75
1352,880092,1685289600,779,home,3.00,9.00,3.00
1353,880092,1685289600,1085,away,2.00,3.00,2.00
1354,880102,1685800800,597,home,3.00,8.00,3.00
1355,880102,1685800800,3985,away,1.00,4.00,1.00
1356,880101,1685800800,555,home,4.00,7.00,4.00
1357,880101,1685800800,779,away,1.00,1.00,1.00
1358,880100,1685800800,1079,home,1.00,5.00,1.00
1359,880100,1685800800,558,away,0.00,6.00,0.00
1360,880103,1685800800,1085,home,2.00,3.00,2.00
1361,880103,1685800800,621,away,2.00,2.00,2.00
1362,880105,1685800800,2011,home,2.00,9.00,2.00
1363,880105,1685800800,1994,away,0.00,0.00,0.00
1364,880104,1685800800,1080,home,3.00,8.00,3.00
1365,880104,1685800800,1088,away,0.00,4.00,0.00
1366,880106,1685800800,1084,home,1.00,4.00,1.00
1367,880106,1685800800,2012,away,0.00,5.00,0.00
1368,880099,1685800800,596,home,1.00,2.00,1.00
1369,880099,1685800800,1993,away,0.00,1.00,0.00
1370,1023277,1685800800,50,home,2.00,5.00,2.00
1371,1023277,1685800800,33,away,1.00,3.00,1.00
1372,1030797,1686139200,1089,home,0.00,0.00,0.00
1373,1030797,1686139200,1993,away,1.00,5.00,1.00
1374,1030799,1686150000,6822,home,0.00,6.00,0.00
1375,1030799,1686150000,2011,away,3.00,9.00,3.00
1376,1030800,1686396600,2011,home,0.00,1.00,0.00
1377,1030800,1686396600,6822,away,2.00,4.00,2.00
1378,1030798,1686407400,1993,home,2.00,4.00,2.00
1379,1030798,1686407400,1089,away,0.00,5.00,0.00
1380,1027911,1686492000,621,home,1.00,3.00,1.00
1381,1027911,1686492000,555,away,1.00,3.00,1.00
1382,1042016,1689955200,1088,home,1.00,4.00,1.46
1383,1042016,1689955200,621,away,3.00,6.00,1.53
1384,1042021,1690020000,1084,home,2.00,3.00,1.78
1385,1042021,1690020000,555,away,1.00,3.00,1.02
1386,1042020,1690028100,2011,home,0.00,2.00,0.52
1387,1042020,1690028100,596,away,2.00,2.00,0.78
1388,1042017,1690036200,597,home,2.00,5.00,1.32
1389,1042017,1690036200,1083,away,2.00,7.00,1.31
1390,1042018,1690045200,1085,home,1.00,2.00,2.53
1391,1042018,1690045200,1079,away,2.00,5.00,1.50
1392,1042014,1690122600,558,home,3.00,7.00,1.78
1393,1042014,1690122600,1080,away,2.00,4.00,1.07
1394,1042019,1690131600,2012,home,2.00,3.00,1.51
1395,1042019,1690131600,2006,away,0.00,3.00,0.56
1396,1042015,1690131600,779,home,2.00,6.00,1.49
1397,1042015,1690131600,1993,away,1.00,5.00,2.48
1398,1060641,1690299000,597,home,2.00,2.00,2.00
1399,1060641,1690299000,1084,away,1.00,1.00,1.00
1400,1060642,1690299000,2011,home,1.00,3.00,1.00
1401,1060642,1690299000,1088,away,1.00,5.00,1.00
1402,1060643,1690307100,596,home,2.00,6.00,2.00
1403,1060643,1690307100,1085,away,0.00,2.00,0.00
1404,1060644,1690377300,1080,home,0.00,5.00,0.00
1405,1060644,1690377300,555,away,6.00,8.00,6.00
1406,1060645,1690385400,1993,home,1.00,3.00,1.00
1407,1060645,1690385400,2012,away,3.00,6.00,3.00
1408,1060646,1690385400,1079,home,2.00,5.00,2.00
1409,1060646,1690385400,2006,away,3.00,4.00,3.00
1410,1060647,1690393500,779,home,1.00,2.00,1.00
1411,1060647,1690393500,1083,away,0.00,7.00,0.00
1412,1060648,1690477200,621,home,1.00,3.00,1.00
1413,1060648,1690477200,558,away,2.00,10.00,2.00
1414,1042025,1690632000,1079,home,3.00,7.00,2.52
1415,1042025,1690632000,1088,away,3.00,5.00,1.29
1416,1042029,1690641000,1084,home,0.00,1.00,0.57
1417,1042029,1690641000,2011,away,0.00,3.00,0.37
1418,1042023,1690650000,779,home,1.00,4.00,1.40
1419,1042023,1690650000,596,away,1.00,1.00,0.34
1420,1042027,1690718400,1083,home,1.00,3.00,1.28
1421,1042027,1690718400,1080,away,1.00,4.00,1.69
1422,1042028,1690727400,1993,home,1.00,6.00,2.88
1423,1042028,1690727400,597,away,4.00,5.00,1.94
1424,1042024,1690736400,621,home,2.00,5.00,2.27
1425,1042024,1690736400,2012,away,0.00,5.00,0.43
1426,1042026,1690736400,1085,home,2.00,5.00,2.11
1427,1042026,1690736400,555,away,3.00,6.00,3.43
1428,1042022,1690821000,558,home,2.00,5.00,1.84
1429,1042022,1690821000,2006,away,1.00,7.00,0.89
1430,1042031,1691168400,621,home,1.00,1.00,1.24
1431,1042031,1691168400,2011,away,0.00,0.00,0.87
1432,1042032,1691236800,1079,home,5.00,7.00,3.04
1433,1042032,1691236800,779,away,1.00,5.00,1.66
1434,1042035,1691245800,1083,home,1.00,3.00,1.12
1435,1042035,1691245800,558,away,4.00,8.00,1.74
1436,1042037,1691245800,1080,home,0.00,2.00,1.06
1437,1042037,1691245800,1084,away,2.00,6.00,1.76
1438,1042033,1691254800,555,home,4.00,6.00,2.54
1439,1042033,1691254800,597,away,1.00,2.00,1.75
1440,1042036,1691332200,2006,home,2.00,2.00,0.56
1441,1042036,1691332200,1993,away,1.00,1.00,0.90
1442,1042030,1691337600,596,home,2.00,5.00,1.23
1443,1042030,1691337600,1088,away,3.00,3.00,1.75
1444,1042034,1691341200,2012,home,1.00,4.00,2.14
1445,1042034,1691341200,1085,away,2.00,3.00,0.47
1446,1060649,1691500500,1084,home,1.00,1.00,1.00
1447,1060649,1691500500,779,away,0.00,0.00,0.00
1448,1060650,1691508600,1083,home,0.00,0.00,0.00
1449,1060650,1691508600,597,away,1.00,1.00,1.00
1450,1060651,1691516700,558,home,5.00,11.00,5.00
1451,1060651,1691516700,2011,away,4.00,6.00,4.00
1452,1060652,1691586900,1080,home,2.00,4.00,2.00
1453,1060652,1691586900,2012,away,0.00,5.00,0.00
1454,1060654,1691595000,1079,home,0.00,4.00,0.00
1455,1060654,1691595000,596,away,1.00,2.00,1.00
1456,1060653,1691595000,555,home,0.00,6.00,0.00
1457,1060653,1691595000,1993,away,2.00,3.00,2.00
1458,1060655,1691603100,1088,home,4.00,8.00,4.00
1459,1060655,1691603100,621,away,3.00,7.00,3.00
1460,1060656,1691686800,1085,home,0.00,2.00,0.00
1461,1060656,1691686800,2006,away,2.00,3.00,2.00
1462,1042044,1691766000,1084,home,3.00,8.00,3.37
1463,1042044,1691766000,558,away,2.00,5.00,1.12
1464,1035037,1691780400,44,home,0.00,1.00,0.33
1465,1035037,1691780400,50,away,3.00,8.00,2.08
1466,1035038,1691839800,42,home,2.00,7.00,0.83
1467,1035038,1691839800,65,away,1.00,2.00,1.18
1468,1042042,1691841600,597,home,1.00,1.00,0.19
1469,1042042,1691841600,1079,away,1.00,8.00,3.83
1470,1035040,1691848800,51,home,4.00,12.00,4.01
1471,1035040,1691848800,1359,away,1.00,3.00,1.48
1472,1035041,1691848800,45,home,0.00,9.00,2.73
1473,1035041,1691848800,36,away,1.00,2.00,1.50
1474,1035042,1691848800,62,home,0.00,1.00,0.51
1475,1035042,1691848800,52,away,1.00,8.00,1.89
1476,1035039,1691848800,35,home,1.00,5.00,1.37
1477,1035039,1691848800,48,away,1.00,3.00,1.07
1478,1042045,1691850600,1080,home,0.00,6.00,1.70
1479,1042045,1691850600,621,away,2.00,6.00,2.61
1480,1035043,1691857800,34,home,5.00,13.00,3.41
1481,1035043,1691857800,66,away,1.00,6.00,1.77
1482,1042039,1691859600,779,home,3.00,9.00,1.62
1483,1042039,1691859600,1083,away,0.00,2.00,1.67
1484,1042041,1691928000,1088,home,2.00,7.00,1.23
1485,1042041,1691928000,2006,away,0.00,4.00,1.37
1486,1035044,1691931600,55,home,2.00,6.00,2.22
1487,1035044,1691931600,47,away,2.00,6.00,1.27
1488,1042038,1691937000,596,home,2.00,6.00,1.55
1489,1042038,1691937000,1993,away,0.00,1.00,0.26
1490,1035045,1691940600,49,home,1.00,4.00,1.35
1491,1035045,1691940600,40,away,1.00,1.00,1.28
1492,1042040,1691946000,555,home,3.00,7.00,1.44
1493,1042040,1691946000,2012,away,1.00,1.00,0.70
1494,1042043,1692030600,2011,home,2.00,2.00,1.32
1495,1042043,1692030600,1085,away,0.00,0.00,0.76
1496,1035046,1692039600,33,home,1.00,3.00,2.21
1497,1035046,1692039600,39,away,0.00,6.00,2.35
1498,1042051,1692376200,1083,home,2.00,4.00,2.11
1499,1042051,1692376200,1079,away,1.00,3.00,0.86
1500,1035053,1692384300,65,home,2.00,4.00,1.39
1501,1035053,1692384300,62,away,1.00,3.00,0.50
1502,1042048,1692446400,1088,home,2.00,5.00,2.15
1503,1042048,1692446400,555,away,1.00,7.00,2.13
1504,1035049,1692453600,36,home,0.00,2.00,0.46
1505,1035049,1692453600,55,away,3.00,8.00,3.93
1506,1035050,1692453600,40,home,3.00,10.00,3.08
1507,1035050,1692453600,35,away,1.00,5.00,1.29
1508,1035056,1692453600,39,home,1.00,5.00,2.14
1509,1035056,1692453600,51,away,4.00,8.00,2.22
1510,1042052,1692455400,2006,home,0.00,6.00,1.93
1511,1042052,1692455400,1084,away,1.00,4.00,1.74
1512,1035054,1692462600,47,home,2.00,6.00,1.74
1513,1035054,1692462600,33,away,0.00,6.00,2.07
1514,1042047,1692462600,621,home,1.00,5.00,2.31
1515,1042047,1692462600,597,away,1.00,3.00,0.81
1516,1042050,1692464400,2012,home,4.00,6.00,1.18
1517,1042050,1692464400,779,away,0.00,2.00,0.71
1518,1035052,1692471600,50,home,1.00,4.00,1.08
1519,1035052,1692471600,34,away,0.00,1.00,0.29
1520,1035047,1692536400,66,home,4.00,7.00,3.00
1521,1035047,1692536400,45,away,0.00,2.00,0.63
1522,1042053,1692541800,1993,home,2.00,5.00,1.15
1523,1042053,1692541800,2011,away,0.00,1.00,1.32
1524,1035055,1692545400,48,home,3.00,6.00,1.80
1525,1035055,1692545400,49,away,1.00,4.00,2.49
1526,1042046,1692549000,558,home,1.00,4.00,2.07
1527,1042046,1692549000,596,away,3.00,3.00,1.29
1528,1042049,1692550800,1085,home,4.00,8.00,4.94
1529,1042049,1692550800,1080,away,0.00,4.00,0.97
1530,1035048,1692644400,52,home,0.00,2.00,1.01
1531,1035048,1692644400,42,away,1.00,3.00,2.02
1532,1042061,1692973800,1080,home,1.00,2.00,1.66
1533,1042061,1692973800,555,away,1.00,1.00,0.29
1534,1042060,1692982800,1993,home,0.00,4.00,0.54
1535,1042060,1692982800,621,away,0.00,1.00,2.66
1536,1035062,1692990000,49,home,3.00,8.00,2.27
1537,1035062,1692990000,1359,away,0.00,1.00,0.44
1538,1035057,1693049400,35,home,0.00,3.00,0.67
1539,1035057,1693049400,47,away,2.00,6.00,2.06
1540,1042054,1693051200,596,home,4.00,7.00,2.12
1541,1042054,1693051200,1084,away,0.00,0.00,0.27
1542,1035058,1693058400,42,home,2.00,11.00,3.20
1543,1035058,1693058400,36,away,2.00,3.00,0.56
1544,1035064,1693058400,33,home,3.00,9.00,2.83
1545,1035064,1693058400,65,away,2.00,4.00,1.21
1546,1035059,1693058400,55,home,1.00,1.00,0.97
1547,1035059,1693058400,52,away,1.00,5.00,0.80
1548,1035063,1693058400,45,home,0.00,7.00,1.34
1549,1035063,1693058400,39,away,1.00,2.00,1.08
1550,1042058,1693060200,1083,home,2.00,7.00,1.99
1551,1042058,1693060200,1088,away,2.00,4.00,1.05
1552,1035060,1693067400,51,home,1.00,10.00,1.48
1553,1035060,1693067400,48,away,3.00,7.00,3.23
1554,1042055,1693067400,558,home,0.00,6.00,0.00
1555,1042055,1693067400,1085,away,0.00,6.00,0.00
1556,1042059,1693069200,2011,home,1.00,4.00,2.95
1557,1042059,1693069200,779,away,0.00,0.00,0.62
1558,1035066,1693141200,62,home,1.00,2.00,0.67
1559,1035066,1693141200,50,away,2.00,9.00,3.60
1560,1035061,1693141200,44,home,1.00,2.00,0.73
1561,1035061,1693141200,66,away,3.00,6.00,2.70
1562,1042056,1693146600,1079,home,2.00,3.00,1.25
1563,1042056,1693146600,2006,away,1.00,2.00,1.06
1564,1035065,1693150200,34,home,1.00,8.00,1.99
1565,1035065,1693150200,40,away,2.00,4.00,0.88
1566,1042057,1693155600,2012,home,0.00,0.00,0.79
1567,1042057,1693155600,597,away,1.00,9.00,1.30
1568,1060657,1693310400,1083,home,2.00,3.00,2.00
1569,1060657,1693310400,1084,away,1.00,3.00,1.00
1570,1060658,1693318500,1993,home,0.00,1.00,0.00
1571,1060658,1693318500,1080,away,1.00,1.00,1.00
1572,1060659,1693326600,2011,home,0.00,4.00,0.00
1573,1060659,1693326600,621,away,1.00,9.00,1.00
1574,1060660,1693326600,558,home,4.00,4.00,4.00
1575,1060660,1693326600,1088,away,1.00,1.00,1.00
1576,1115642,1693334700,36,home,1.00,3.00,1.00
1577,1115642,1693334700,47,away,1.00,3.00,1.00
1578,1060662,1693404900,1085,home,3.00,3.00,3.00
1579,1060662,1693404900,1079,away,1.00,1.00,1.00
1580,1060661,1693404900,2012,home,0.00,3.00,0.00
1581,1060661,1693404900,555,away,0.00,5.00,0.00
1582,1060663,1693413000,779,home,2.00,2.00,2.00
1583,1060663,1693413000,597,away,1.00,1.00,1.00
1584,1060664,1693413000,2006,home,1.00,1.00,1.00
1585,1060664,1693413000,596,away,0.00,0.00,0.00
1586,1115633,1693421100,65,home,0.00,0.00,0.00
1587,1115633,1693421100,44,away,1.00,2.00,1.00
1588,1035074,1693594800,1359,home,1.00,1.00,1.47
1589,1035074,1693594800,48,away,2.00,3.00,1.03
1590,1042068,1693648800,1084,home,0.00,6.00,2.94
1591,1042068,1693648800,1085,away,1.00,2.00,1.17
1592,1035076,1693654200,62,home,2.00,8.00,1.19
1593,1035076,1693654200,45,away,2.00,6.00,2.59
1594,1042067,1693656900,2011,home,2.00,3.00,1.04
1595,1042067,1693656900,1083,away,1.00,7.00,1.81
1596,1035068,1693663200,55,home,2.00,7.00,2.91
1597,1035068,1693663200,35,away,2.00,5.00,2.09
1598,1035070,1693663200,44,home,2.00,4.00,1.36
1599,1035070,1693663200,47,away,5.00,11.00,2.28
1600,1035071,1693663200,49,home,0.00,2.00,2.30
1601,1035071,1693663200,65,away,1.00,3.00,0.76
1602,1035075,1693663200,50,home,5.00,5.00,2.26
1603,1035075,1693663200,36,away,1.00,4.00,1.45
1604,1042064,1693665000,1079,home,3.00,7.00,1.32
1605,1042064,1693665000,1993,away,0.00,2.00,0.57
1606,1035069,1693672200,51,home,3.00,6.00,1.30
1607,1035069,1693672200,34,away,1.00,2.00,1.23
1608,1042063,1693674000,621,home,2.00,4.00,2.45
1609,1042063,1693674000,558,away,0.00,4.00,0.99
1610,1042069,1693735200,1080,home,3.00,6.00,3.01
1611,1042069,1693735200,2012,away,0.00,1.00,0.63
1612,1042066,1693743300,597,home,3.00,7.00,2.63
1613,1042066,1693743300,2006,away,2.00,3.00,1.80
1614,1035072,1693746000,52,home,3.00,11.00,2.11
1615,1035072,1693746000,39,away,2.00,4.00,1.18
1616,1035073,1693746000,40,home,3.00,4.00,2.47
1617,1035073,1693746000,66,away,0.00,3.00,0.66
1618,1042065,1693751400,555,home,1.00,1.00,1.19
1619,1042065,1693751400,596,away,1.00,4.00,1.20
1620,1035067,1693755000,42,home,3.00,5.00,2.27
1621,1035067,1693755000,33,away,1.00,2.00,0.94
1622,1042062,1693760400,779,home,1.00,4.00,1.32
1623,1042062,1693760400,1088,away,2.00,7.00,2.46
1624,1042071,1694793600,1088,home,1.00,3.00,1.00
1625,1042071,1694793600,2011,away,1.00,7.00,1.00
1626,1042070,1694862000,555,home,2.00,6.00,2.38
1627,1042070,1694862000,1079,away,2.00,4.00,2.11
1628,1035086,1694863800,39,home,1.00,2.00,0.63
1629,1035086,1694863800,40,away,3.00,6.00,2.52
1630,1042073,1694871000,1085,home,1.00,6.00,1.00
1631,1042073,1694871000,621,away,1.00,3.00,1.00
1632,1035085,1694872800,48,home,1.00,3.00,0.94
1633,1035085,1694872800,50,away,3.00,15.00,3.63
1634,1035084,1694872800,47,home,2.00,10.00,2.12
1635,1035084,1694872800,62,away,1.00,5.00,0.66
1636,1035080,1694872800,36,home,1.00,2.00,0.96
1637,1035080,1694872800,1359,away,0.00,2.00,1.10
1638,1035081,1694872800,33,home,1.00,4.00,0.96
1639,1035081,1694872800,51,away,3.00,8.00,1.70
1640,1035078,1694872800,66,home,3.00,5.00,3.21
1641,1035078,1694872800,52,away,1.00,3.00,1.17
1642,1042198,1694880000,558,home,1.00,1.00,1.00
1643,1042198,1694880000,2012,away,0.00,0.00,0.00
1644,1035082,1694881800,34,home,1.00,2.00,1.44
1645,1035082,1694881800,55,away,0.00,2.00,0.50
1646,1042076,1694888100,2006,home,2.00,5.00,2.00
1647,1042076,1694888100,779,away,2.00,7.00,2.00
1648,1042077,1694948400,1084,home,0.00,6.00,0.00
1649,1042077,1694948400,1993,away,0.00,3.00,0.00
1650,1035077,1694955600,35,home,0.00,4.00,1.04
1651,1035077,1694955600,49,away,0.00,6.00,1.85
1652,1042075,1694957400,1083,home,0.00,2.00,0.00
1653,1042075,1694957400,596,away,3.00,4.00,3.00
1654,1035079,1694964600,45,home,0.00,1.00,0.34
1655,1035079,1694964600,42,away,1.00,4.00,1.02
1656,1042072,1694966400,597,home,0.00,2.00,0.00
1657,1042072,1694966400,1080,away,2.00,4.00,2.00
1658,1035083,1695062700,65,home,1.00,4.00,0.71
1659,1035083,1695062700,44,away,1.00,3.00,0.55
1660,1060671,1695124800,621,home,1.00,7.00,1.00
1661,1060671,1695124800,1088,away,1.00,10.00,1.00
1662,1060672,1695132900,2011,home,0.00,2.00,0.00
1663,1060672,1695132900,558,away,3.00,4.00,3.00
1664,1060669,1695132900,2006,home,1.00,1.00,1.00
1665,1060669,1695132900,1079,away,2.00,2.00,2.00
1666,1060666,1695211200,555,home,1.00,1.00,1.00
1667,1060666,1695211200,2012,away,1.00,1.00,1.00
1668,1060668,1695211200,1084,home,0.00,4.00,0.00
1669,1060668,1695211200,597,away,0.00,6.00,0.00
1670,1060670,1695219300,1085,home,3.00,7.00,3.00
1671,1060670,1695219300,596,away,3.00,5.00,3.00
1672,1060667,1695219300,1083,home,1.00,1.00,1.00
1673,1060667,1695219300,779,away,1.00,1.00,1.00
1674,1060665,1695305700,1080,home,0.00,0.00,0.00
1675,1060665,1695305700,1993,away,0.00,0.00,0.00
1676,1042082,1695466800,1079,home,2.00,4.00,2.00
1677,1042082,1695466800,2012,away,1.00,4.00,1.00
1678,1042083,1695475800,2006,home,1.00,4.00,1.00
1679,1042083,1695475800,1085,away,0.00,4.00,0.00
1680,1035094,1695477600,1359,home,1.00,4.00,2.17
1681,1035094,1695477600,39,away,1.00,3.00,0.59
1682,1035092,1695477600,52,home,0.00,3.00,0.30
1683,1035092,1695477600,36,away,0.00,5.00,0.59
1684,1035095,1695477600,50,home,2.00,4.00,1.33
1685,1035095,1695477600,65,away,0.00,3.00,1.03
1686,1042079,1695484800,558,home,1.00,7.00,1.00
1687,1042079,1695484800,1088,away,0.00,7.00,0.00
1688,1035088,1695486600,55,home,1.00,2.00,1.03
1689,1035088,1695486600,45,away,3.00,6.00,1.90
1690,1035090,1695495600,44,home,0.00,4.00,1.09
1691,1035090,1695495600,33,away,1.00,4.00,0.97
1692,1042084,1695553200,2011,home,3.00,11.00,3.00
1693,1042084,1695553200,1080,away,1.00,3.00,1.00
1694,1035087,1695560400,42,home,2.00,6.00,2.03
1695,1035087,1695560400,47,away,2.00,5.00,1.46
1696,1035089,1695560400,51,home,3.00,4.00,1.85
1697,1035089,1695560400,35,away,1.00,4.00,1.14
1698,1035093,1695560400,40,home,3.00,7.00,3.03
1699,1035093,1695560400,48,away,1.00,4.00,1.10
1700,1035091,1695560400,49,home,0.00,4.00,1.33
1701,1035091,1695560400,66,away,1.00,7.00,1.07
1702,1042078,1695562200,596,home,1.00,2.00,1.00
1703,1042078,1695562200,597,away,2.00,4.00,2.00
1704,1035096,1695569400,62,home,0.00,1.00,0.94
1705,1035096,1695569400,34,away,8.00,15.00,3.92
1706,1042081,1695571200,621,home,2.00,6.00,2.00
1707,1042081,1695571200,1084,away,0.00,1.00,0.00
1708,1042080,1695571200,779,home,3.00,5.00,3.00
1709,1042080,1695571200,555,away,3.00,4.00,3.00
1710,1042085,1695657600,1993,home,0.00,2.00,0.00
1711,1042085,1695657600,1083,away,1.00,5.00,1.00
1712,1125701,1695754800,33,home,3.00,7.00,3.00
1713,1125701,1695754800,52,away,0.00,2.00,0.00
1714,1125706,1695840300,55,home,0.00,4.00,0.00
1715,1125706,1695840300,42,away,1.00,3.00,1.00
1716,1125707,1695840300,49,home,1.00,4.00,1.00
1717,1125707,1695840300,51,away,0.00,2.00,0.00
1718,1125700,1695840300,66,home,1.00,3.00,1.00
1719,1125700,1695840300,45,away,2.00,4.00,2.00
1720,1125712,1695841200,34,home,1.00,4.00,1.00
1721,1125712,1695841200,50,away,0.00,2.00,0.00
1722,1042086,1696003200,779,home,2.00,5.00,2.00
1723,1042086,1696003200,1084,away,2.00,4.00,2.00
1724,1042093,1696064400,1080,home,3.00,3.00,3.00
1725,1042093,1696064400,596,away,1.00,14.00,1.00
1726,1042089,1696072500,597,home,1.00,1.00,1.00
1727,1042089,1696072500,2011,away,0.00,3.00,0.00
1728,1035098,1696073400,66,home,6.00,9.00,1.58
1729,1035098,1696073400,51,away,1.00,3.00,1.71
1730,1042091,1696080600,1083,home,0.00,3.00,0.00
1731,1042091,1696080600,621,away,2.00,4.00,2.00
1732,1035105,1696082400,48,home,2.00,9.00,2.14
1733,1035105,1696082400,62,away,0.00,2.00,1.07
1734,1035106,1696082400,39,home,2.00,1.00,0.47
1735,1035106,1696082400,50,away,1.00,8.00,0.87
1736,1035097,1696082400,35,home,0.00,1.00,0.65
1737,1035097,1696082400,42,away,4.00,8.00,3.43
1738,1035101,1696082400,33,home,0.00,4.00,1.30
1739,1035101,1696082400,52,away,1.00,2.00,0.90
1740,1035102,1696082400,34,home,2.00,8.00,3.19
1741,1035102,1696082400,44,away,0.00,2.00,0.65
1742,1035099,1696082400,45,home,1.00,5.00,2.90
1743,1035099,1696082400,1359,away,2.00,2.00,0.89
1744,1042088,1696089600,555,home,1.00,3.00,1.00
1745,1042088,1696089600,2006,away,0.00,1.00,0.00
1746,1035104,1696091400,47,home,2.00,8.00,2.23
1747,1035104,1696091400,40,away,1.00,4.00,1.31
1748,1042092,1696158000,1993,home,2.00,5.00,2.00
1749,1042092,1696158000,2012,away,0.00,1.00,0.00
1750,1035103,1696165200,65,home,1.00,1.00,0.46
1751,1035103,1696165200,55,away,1.00,5.00,1.66
1752,1042087,1696167000,1079,home,4.00,7.00,4.00
1753,1042087,1696167000,558,away,0.00,3.00,0.00
1754,1042090,1696176000,1085,home,1.00,2.00,1.00
1755,1042090,1696176000,1088,away,1.00,5.00,1.00
1756,1035100,1696273200,36,home,0.00,3.00,1.09
1757,1035100,1696273200,49,away,2.00,4.00,1.70
1758,1060677,1696342500,596,home,2.00,7.00,2.00
1759,1060677,1696342500,2006,away,1.00,3.00,1.00
1760,1060675,1696342500,597,home,3.00,3.00,3.00
1761,1060675,1696342500,779,away,1.00,1.00,1.00
1762,1035051,1696357800,1359,home,1.00,3.00,1.34
1763,1035051,1696357800,44,away,2.00,4.00,1.11
1764,1060679,1696427100,1088,home,3.00,14.00,3.00
1765,1060679,1696427100,558,away,0.00,1.00,0.00
1766,1060680,1696428900,621,home,3.00,3.00,3.00
1767,1060680,1696428900,2011,away,0.00,0.00,0.00
1768,1042101,1696669200,1084,home,2.00,5.00,1.89
1769,1042101,1696669200,597,away,2.00,5.00,2.32
1770,1042098,1696676400,2012,home,0.00,5.00,0.00
1771,1042098,1696676400,596,away,2.00,3.00,2.00
1772,1035113,1696678200,1359,home,0.00,2.00,0.76
1773,1035113,1696678200,47,away,1.00,4.00,1.96
1774,1042099,1696685400,2006,home,1.00,3.00,1.00
1775,1042099,1696685400,1080,away,0.00,2.00,0.00
1776,1035111,1696687200,45,home,3.00,8.00,2.49
1777,1035111,1696687200,35,away,0.00,4.00,0.69
1778,1035112,1696687200,36,home,3.00,6.00,2.21
1779,1035112,1696687200,62,away,1.00,2.00,0.57
1780,1035114,1696687200,33,home,2.00,8.00,1.43
1781,1035114,1696687200,55,away,1.00,3.00,0.95
1782,1035109,1696687200,44,home,1.00,3.00,0.76
1783,1035109,1696687200,49,away,4.00,5.00,1.86
1784,1042095,1696694400,621,home,3.00,6.00,3.00
1785,1042095,1696694400,779,away,2.00,3.00,2.00
1786,1035110,1696696200,52,home,0.00,2.00,0.81
1787,1035110,1696696200,65,away,0.00,5.00,1.05
1788,1042100,1696762800,2011,home,2.00,3.00,2.00
1789,1042100,1696762800,1079,away,0.00,4.00,0.00
1790,1035108,1696770000,51,home,2.00,3.00,2.32
1791,1035108,1696770000,40,away,2.00,4.00,2.35
1792,1035115,1696770000,48,home,2.00,3.00,1.16
1793,1035115,1696770000,34,away,2.00,3.00,2.01
1794,1035116,1696770000,39,home,1.00,3.00,1.68
1795,1035116,1696770000,66,away,1.00,4.00,1.61
1796,1042096,1696771800,1088,home,0.00,4.00,0.00
1797,1042096,1696771800,1993,away,0.00,4.00,0.00
1798,1035107,1696779000,42,home,1.00,2.00,0.39
1799,1035107,1696779000,50,away,0.00,1.00,0.48
1800,1042094,1696780800,558,home,2.00,4.00,2.00
1801,1042094,1696780800,555,away,2.00,5.00,2.00
1802,1042097,1696780800,1085,home,0.00,4.00,0.00
1803,1042097,1696780800,1083,away,1.00,6.00,1.00
