,team_name,league,elo_rating,games,prev_elos
50,Manchester City,39,2161.08,90,"{1659886200: 2110.49, 1660399200: 2117.8799999999997, 1661095800: 2121.4399999999996, 1661608800: 2118.5199999999995, 1661970600: 2122.2899999999995, 1662222600: 2125.9499999999994, 1663414200: 2119.2999999999993, 1664715600: 2125.689999999999, 1665237600: 2130.289999999999, 1665934200: 2131.909999999999, 1666447200: 2123.819999999999, 1667043000: 2127.4199999999987, 1667660400: 2132.089999999999, 1668024000: 2133.6499999999987, 1668256200: 2138.929999999999, 1671739200: 2120.319999999999, 1672257600: 2126.619999999999, 1672498800: 2131.079999999999, 1672948800: 2121.909999999999, 1673195400: 2130.059999999999, 1673467200: 2136.259999999999, 1673699400: 2109.759999999999, 1674158400: 2098.299999999999, 1674396000: 2103.449999999999, 1674849600: 2105.729999999999, 1675614600: 2111.439999999999, 1676219400: 2099.379999999999, 1676489400: 2102.419999999999, 1676732400: 2118.079999999999, 1677346200: 2111.709999999999, 1677614400: 2117.329999999999, 1677933000: 2121.769999999999, 1678555800: 2127.229999999999, 1679161500: 2131.149999999999, 1680348600: 2136.9499999999994, 1680971400: 2144.9499999999994, 1681576200: 2149.4899999999993, 1682178300: 2150.7699999999995, 1682535600: 2153.2299999999996, 1682859600: 2161.0799999999995, 1683140400: 2165.6399999999994, 1683381600: 2167.9699999999993, 1684069200: 2168.5599999999995, 1684681200: 2173.3099999999995, 1684954800: 2174.7699999999995, 1685287800: 2171.2299999999996, 1685800800: 2157.3099999999995}"
40,Liverpool,39,2038.94,91,"{1659785400: 2147.5, 1660590000: 2140.66, 1661194800: 2132.56, 1661608800: 2116.54, 1661972400: 2120.36, 1662204600: 2123.33, 1664632800: 2116.64, 1665329400: 2109.5699999999997, 1665934200: 2099.2699999999995, 1666204200: 2107.3599999999997, 1666438200: 2109.18, 1667069100: 2092.3799999999997, 1667752200: 2073.45, 1668265200: 2083.43, 1671739200: 2085.18, 1672075800: 2078.8799999999997, 1672430400: 2087.2899999999995, 1672680600: 2089.7499999999995, 1673121600: 2069.2899999999995, 1673708400: 2060.6199999999994, 1673984700: 2042.1299999999994, 1674304200: 2047.1199999999994, 1674999000: 2041.7199999999993, 1675522800: 2032.1599999999994, 1676318400: 2005.7299999999993, 1676741400: 2007.9899999999993, 1677354300: 2026.4299999999994, 1677700800: 2022.6299999999994, 1678033800: 2026.5199999999995, 1678537800: 2041.5899999999995, 1680348600: 2025.7599999999995, 1680634800: 2017.7599999999995, 1681054200: 2017.1199999999994, 1681758000: 2015.1899999999994, 1682172000: 2024.5099999999993, 1682534700: 2025.8799999999992, 1682868600: 2033.3699999999992, 1683140400: 2037.5699999999993, 1683390600: 2040.6199999999992, 1684177200: 2044.7099999999991, 1684591200: 2051.829999999999, 1685287800: 2046.199999999999}"
42,Arsenal,39,2015.40,83,"{1659726000: 1944.24, 1660399200: 1960.8700000000001, 1661013000: 1967.47, 1661617800: 1982.54, 1661970600: 1985.7, 1662305400: 1988.26, 1663498800: 1972.29, 1664623800: 1988.21, 1665329400: 1999.05, 1665925200: 2009.35, 1666530000: 2014.98, 1667138400: 2009.92, 1667736000: 2014.51, 1668023100: 2026.29, 1668282300: 2003.1399999999999, 1672084800: 2010.1799999999998, 1672507800: 2013.4799999999998, 1672775100: 2029.2499999999998, 1673800200: 2025.2899999999997, 1674405000: 2040.9499999999998, 1674849600: 2046.3199999999997, 1675513800: 2040.6099999999997, 1676127600: 2023.5699999999997, 1676489400: 2017.6299999999997, 1676723400: 2001.9699999999996, 1677337200: 2013.2499999999995, 1677699900: 2021.4799999999996, 1677942000: 2023.8499999999995, 1678629600: 2025.5699999999995, 1679234400: 2042.2699999999995, 1680357600: 2045.8999999999996, 1681054200: 2049.1199999999994, 1681650000: 2051.0499999999993, 1682103600: 2046.4799999999993, 1682535600: 2037.7299999999993, 1683054000: 2029.8799999999994, 1683473400: 2034.1099999999994, 1684078200: 2052.1599999999994, 1684600200: 2024.6999999999994, 1685287800: 2009.6399999999994}"
33,Manchester United,39,2000.21,90,"{1659877200: 1843.21, 1660408200: 1818.3700000000001, 1661194800: 1790.5700000000002, 1661599800: 1822.6100000000001, 1662058800: 1843.19, 1662305400: 1865.8700000000001, 1664715600: 1897.8000000000002, 1665338400: 1888.5900000000001, 1665925200: 1908.91, 1666206900: 1906.73, 1666456200: 1921.17, 1667146500: 1925.92, 1667743200: 1930.69, 1668110400: 1912.68, 1668357000: 1919.38, 1671652800: 1928.8300000000002, 1672171200: 1935.9800000000002, 1672489800: 1944.2400000000002, 1672776000: 1950.5800000000002, 1673035200: 1955.45, 1673699400: 1958.55, 1674072000: 1970.01, 1674405000: 1967.04, 1674676800: 1961.67, 1674936000: 1975.8500000000001, 1675281600: 1977.3300000000002, 1675522800: 1981.63, 1675886400: 1984.5700000000002, 1676210400: 1976.65, 1676815200: 1985.5400000000002, 1677429000: 1993.2700000000002, 1677699900: 2003.1900000000003, 1678033800: 2007.3600000000004, 1678629600: 1992.2900000000004, 1679243400: 1984.5200000000004, 1680449400: 1992.0000000000005, 1680721200: 1980.1300000000006, 1680953400: 1985.6600000000005, 1681659000: 1988.7300000000005, 1682263800: 1995.8300000000004, 1682622900: 1997.8900000000003, 1682859600: 1998.0400000000004, 1683226800: 2003.7900000000004, 1683482400: 1995.1900000000005, 1683986400: 1982.5700000000006, 1684591200: 1987.9900000000007, 1685041200: 1993.6600000000008, 1685287800: 1999.9300000000007, 1685800800: 2003.9800000000007}"
34,Newcastle,39,1983.30,83,"{1659794400: 1897.2, 1660399200: 1914.8500000000001, 1661095800: 1916.7700000000002, 1661691600: 1919.6900000000003, 1661972400: 1917.2200000000003, 1662213600: 1914.2500000000002, 1663423200: 1910.2000000000003, 1664632800: 1904.7100000000003, 1665237600: 1923.2100000000003, 1665925200: 1931.8800000000003, 1666204200: 1934.0600000000004, 1666539000: 1937.5700000000004, 1667052000: 1951.4400000000003, 1667743200: 1957.7100000000003, 1668023100: 1968.7100000000003, 1668274200: 1963.5100000000002, 1671565500: 1970.6200000000001, 1672066800: 1973.88, 1672498800: 1991.7800000000002, 1672775100: 1983.8300000000002, 1673380800: 1987.7900000000002, 1673791200: 1992.9700000000003, 1674322200: 1997.8900000000003, 1674590400: 1994.3500000000004, 1675195200: 2000.1500000000003, 1675531800: 2002.3100000000004, 1676136600: 1994.6300000000003, 1676741400: 1989.1900000000003, 1677429000: 1970.7500000000002, 1677933000: 1960.8300000000002, 1678638600: 1955.3700000000001, 1679083200: 1959.23, 1680449400: 1965.46, 1680721200: 1977.33, 1680962400: 1990.76, 1681558200: 2001.24, 1682254800: 1984.56, 1682621100: 1995.46, 1682859600: 2003.57, 1683473400: 2005.87, 1683977400: 1987.82, 1684434600: 1982.06, 1684782000: 1993.4299999999998, 1685287800: 1985.2499999999998}"
66,Aston Villa,39,1943.73,79,"{1659794400: 1805.62, 1660390200: 1783.9299999999998, 1661004000: 1795.82, 1661691600: 1779.3799999999999, 1661970600: 1752.6399999999999, 1662222600: 1747.5099999999998, 1663354800: 1760.8099999999997, 1664724600: 1773.4799999999998, 1665428400: 1778.4299999999998, 1665925200: 1781.1, 1666290600: 1760.3999999999999, 1666530000: 1735.4499999999998, 1667052000: 1772.59, 1667743200: 1760.05, 1668110400: 1796.07, 1668348000: 1782.6799999999998, 1672075800: 1815.1899999999998, 1672581600: 1798.36, 1672862400: 1846.6699999999998, 1673640000: 1834.3899999999999, 1674313200: 1843.33, 1675522800: 1864.28, 1676219400: 1820.05, 1676723400: 1813.98, 1677337200: 1791.42, 1677942000: 1820.65, 1678629600: 1833.72, 1679151600: 1835.53, 1680366600: 1852.79, 1680633900: 1896.01, 1680962400: 1913.51, 1681558200: 1917.61, 1682172000: 1934.29, 1682448300: 1935.18, 1682859600: 1940.52, 1683381600: 1934.77, 1683986400: 1923.71, 1684591200: 1930.54, 1685287800: 1936.17}"
51,Brighton,39,1942.19,86,"{1659877200: 1857.5, 1660399200: 1882.34, 1661086800: 1878.5, 1661608800: 1909.35, 1661884200: 1913.99, 1662296400: 1903.17, 1664632800: 1910.3300000000002, 1665246600: 1917.4, 1665774000: 1906.2800000000002, 1666117800: 1890.88, 1666447200: 1877.43, 1667052000: 1870.24, 1667660400: 1907.83, 1668023100: 1914.6399999999999, 1668348000: 1937.79, 1672066800: 1921.53, 1672507800: 1931.36, 1672775100: 1915.59, 1673103600: 1927.6699999999998, 1673708400: 1940.9299999999998, 1674313200: 1959.4199999999998, 1674999000: 1957.1899999999998, 1675522800: 1966.7499999999998, 1676127600: 1968.7699999999998, 1676732400: 1966.0199999999998, 1677611700: 1951.3499999999997, 1677942000: 1954.9199999999996, 1678546800: 1961.2499999999995, 1678908600: 1956.7699999999995, 1680357600: 1960.0499999999995, 1680633900: 1955.9499999999996, 1680962400: 1966.4099999999996, 1681567200: 1957.9999999999995, 1682263800: 1968.4799999999996, 1682533800: 1966.4199999999996, 1682776800: 1943.6899999999996, 1683226800: 1952.7099999999996, 1683563400: 1961.3099999999995, 1684078200: 1927.5599999999995, 1684434600: 1955.0199999999995, 1684674000: 1943.6499999999996, 1684954800: 1946.2099999999996, 1685287800: 1949.7499999999995}"
55,Brentford,39,1941.31,80,"{1659877200: 1802.34, 1660408200: 1810.32, 1661004000: 1838.12, 1661608800: 1820.1699999999998, 1661884200: 1809.9299999999998, 1662213600: 1818.7299999999998, 1663498800: 1840.7499999999998, 1664632800: 1808.9199999999998, 1665237600: 1814.4099999999999, 1665774000: 1797.08, 1666204200: 1827.87, 1666530000: 1832.12, 1667052000: 1794.9799999999998, 1667660400: 1784.0599999999997, 1668256200: 1787.5699999999997, 1672057800: 1824.7999999999997, 1672429500: 1825.9899999999998, 1672680600: 1857.2099999999998, 1673112600: 1898.1299999999999, 1673717400: 1864.6999999999998, 1674396000: 1875.2599999999998, 1675522800: 1872.0999999999997, 1676127600: 1885.9599999999996, 1676732400: 1897.8399999999997, 1678132800: 1886.5699999999997, 1678546800: 1902.6599999999996, 1678908600: 1888.7399999999996, 1679151600: 1915.1799999999996, 1680357600: 1908.8199999999997, 1680721200: 1912.9199999999996, 1680962400: 1907.3899999999996, 1681567200: 1896.9099999999996, 1682172000: 1865.3799999999997, 1682534700: 1863.5999999999997, 1682776800: 1901.1999999999996, 1683390600: 1904.4099999999996, 1684069200: 1900.3199999999997, 1684582200: 1908.4099999999996, 1685287800: 1927.3899999999996}"
44,Burnley,40,1909.78,90,"{1659121200: 1713.86, 1659794400: 1741.6399999999999, 1660330800: 1732.29, 1660675500: 1709.04, 1661004000: 1698.28, 1661608800: 1685.99, 1661885100: 1728.31, 1662145200: 1742.19, 1663095600: 1741.93, 1663423200: 1742.5700000000002, 1664632800: 1753.4700000000003, 1664995500: 1746.8300000000002, 1665237600: 1733.5600000000002, 1665842400: 1749.0100000000002, 1666205100: 1767.0000000000002, 1666447200: 1762.7700000000002, 1666724400: 1789.1500000000003, 1667052000: 1796.3400000000004, 1667418300: 1801.3600000000004, 1667651400: 1806.1900000000003, 1668342600: 1774.0100000000002, 1670763600: 1790.9000000000003, 1671289200: 1815.0300000000004, 1671652800: 1826.9000000000003, 1672171200: 1812.6100000000004, 1672429500: 1823.2800000000004, 1672671600: 1836.2900000000004, 1673103600: 1850.3400000000004, 1673708400: 1878.1000000000004, 1674244800: 1882.6600000000003, 1675513800: 1889.9200000000003, 1676127600: 1910.4900000000002, 1676404800: 1912.9200000000003, 1676732400: 1904.5000000000002, 1677008700: 1911.5300000000002, 1677337200: 1907.6800000000003, 1677942000: 1909.5800000000004, 1678546800: 1902.2900000000004, 1678909500: 1903.6500000000003, 1679161500: 1910.5700000000004, 1680289200: 1904.7700000000004, 1680894000: 1896.6400000000003, 1681153200: 1913.1800000000003, 1681567200: 1920.0600000000004, 1681843500: 1912.8600000000004, 1682172000: 1906.2000000000003, 1682449200: 1886.7400000000002, 1682776800: 1897.6600000000003, 1683554400: 1907.4800000000002}"
47,Tottenham,39,1906.73,86,"{1659794400: 1959.29, 1660491000: 1963.48, 1660995000: 1967.6100000000001, 1661700600: 1970.0500000000002, 1661971500: 1983.7400000000002, 1662213600: 1980.9500000000003, 1663432200: 1984.3800000000003, 1664623800: 1989.2300000000002, 1665246600: 1978.3900000000003, 1665851400: 1989.5100000000002, 1666206900: 1993.7000000000003, 1666539000: 1979.2600000000002, 1667052000: 1965.3900000000003, 1667752200: 1972.5900000000004, 1668023100: 1962.6100000000004, 1668265200: 1942.6100000000004, 1672057800: 1945.4400000000003, 1672581600: 1944.8500000000004, 1672862400: 1920.6900000000003, 1673800200: 1940.6400000000003, 1674158400: 1924.9800000000002, 1674504000: 1919.8300000000002, 1674928800: 1931.7900000000002, 1675614600: 1938.9500000000003, 1676127600: 1951.0100000000002, 1676824200: 1932.4200000000003, 1677418200: 1937.8200000000004, 1677700500: 1947.8400000000004, 1677942000: 1935.4700000000005, 1678546800: 1924.0000000000005, 1679151600: 1928.6900000000005, 1680548400: 1925.6800000000005, 1680962400: 1922.2500000000005, 1681568100: 1930.6600000000005, 1682254800: 1914.0200000000004, 1682622900: 1903.1200000000003, 1682868600: 1902.9700000000003, 1683381600: 1898.7700000000002, 1683986400: 1909.5700000000002, 1684582200: 1902.7400000000002, 1685287800: 1883.7600000000002}"
36,Fulham,39,1853.89,93,"{1659785400: 1756.96, 1660399200: 1770.64, 1661004000: 1773.9, 1661617800: 1791.8500000000001, 1661884200: 1785.5300000000002, 1662213600: 1807.1600000000003, 1663354800: 1800.3100000000004, 1664632800: 1824.6700000000003, 1665320400: 1787.6600000000003, 1665842400: 1766.0400000000004, 1666290600: 1763.0700000000004, 1666530000: 1788.0200000000004, 1667061000: 1809.6100000000004, 1667660400: 1803.2300000000002, 1668357000: 1800.1100000000004, 1672066800: 1781.2200000000003, 1672498800: 1832.7300000000002, 1672775100: 1840.2000000000003, 1673103600: 1865.8500000000004, 1673553600: 1880.7400000000005, 1673791200: 1898.5500000000004, 1674504000: 1888.7000000000005, 1674918000: 1864.7900000000004, 1675454400: 1850.6300000000003, 1675885500: 1860.6800000000003, 1676127600: 1875.9400000000003, 1676732400: 1890.0200000000002, 1677268800: 1919.3700000000001, 1677613500: 1913.39, 1678132800: 1917.8100000000002, 1678629600: 1909.7600000000002, 1679243400: 1893.0600000000002, 1680357600: 1878.1000000000001, 1680962400: 1855.0200000000002, 1681567200: 1824.39, 1682163000: 1852.48, 1682448300: 1859.7, 1682859600: 1849.02, 1683140400: 1839.91, 1683554400: 1833.8000000000002, 1683986400: 1847.4300000000003, 1684591200: 1869.5600000000004, 1685287800: 1862.0000000000005}"
52,Crystal Palace,39,1829.55,83,"{1659726000: 1882.12, 1660590000: 1848.86, 1661004000: 1865.06, 1661608800: 1881.5, 1661884200: 1873.96, 1662213600: 1865.16, 1664632800: 1873.25, 1665320400: 1853.57, 1665833400: 1863.3, 1666120500: 1863.02, 1666447200: 1871.43, 1667052000: 1835.1200000000001, 1667743200: 1844.5900000000001, 1668023100: 1868.5800000000002, 1668265200: 1878.9800000000002, 1672066800: 1859.1600000000003, 1672498800: 1807.6500000000003, 1672862400: 1842.9200000000003, 1673094600: 1803.0200000000002, 1673791200: 1770.6600000000003, 1674072000: 1763.4500000000003, 1674322200: 1769.4000000000003, 1675522800: 1776.4800000000002, 1676127600: 1770.5900000000001, 1676732400: 1776.1000000000001, 1677354300: 1787.3700000000001, 1677942000: 1794.97, 1678555800: 1781.9, 1678908600: 1774.0600000000002, 1679234400: 1767.4900000000002, 1680357600: 1760.2400000000002, 1681045200: 1775.0000000000002, 1681567200: 1820.8900000000003, 1682172000: 1849.5500000000004, 1682447400: 1836.3500000000004, 1682767800: 1810.9900000000005, 1683381600: 1825.9600000000005, 1683986400: 1815.1600000000005, 1684591200: 1831.4200000000005, 1685287800: 1838.9800000000005}"
49,Chelsea,39,1820.68,88,"{1659803400: 2010.71, 1660491000: 2016.29, 1661086800: 2012.1599999999999, 1661608800: 1987.08, 1661885100: 1990.24, 1662213600: 1975.52, 1664632800: 1978.76, 1665237600: 1988.6, 1665925200: 1992.4699999999998, 1666204200: 2002.8199999999997, 1666456200: 2000.6999999999998, 1667052000: 1995.9499999999998, 1667736000: 1977.1599999999999, 1668024000: 1965.3799999999999, 1668274200: 1960.1, 1672162200: 1952.99, 1672590600: 1958.14, 1672948800: 1956.91, 1673195400: 1948.76, 1673553600: 1942.56, 1673791200: 1933.6499999999999, 1674304200: 1937.2599999999998, 1675454400: 1942.6599999999999, 1676118600: 1937.6299999999999, 1676732400: 1935.57, 1677418200: 1918.02, 1677942000: 1908.0, 1678546800: 1910.89, 1679160600: 1924.64, 1680366600: 1917.14, 1680634800: 1895.5300000000002, 1680962400: 1896.8100000000002, 1681567200: 1874.5200000000002, 1682534700: 1853.5700000000002, 1683054000: 1815.9700000000003, 1683381600: 1807.5100000000002, 1683986400: 1843.63, 1684681200: 1832.2700000000002, 1685041200: 1829.3400000000001, 1685287800: 1816.7900000000002}"
48,West Ham,39,1802.36,84,"{1659886200: 1816.12, 1660482000: 1801.35, 1661086800: 1788.31, 1661691600: 1757.46, 1661971500: 1784.2, 1662213600: 1789.78, 1663506900: 1783.31, 1664641800: 1767.4199999999998, 1665320400: 1787.36, 1665925200: 1808.9799999999998, 1666204200: 1807.8299999999997, 1666638000: 1804.1799999999996, 1667146500: 1824.3199999999997, 1667743200: 1814.7799999999997, 1668023100: 1790.7899999999997, 1668265200: 1779.2999999999997, 1672084800: 1746.7099999999998, 1672429500: 1740.12, 1672861500: 1708.8999999999999, 1673112600: 1715.6299999999999, 1673708400: 1749.06, 1674313200: 1733.96, 1675531800: 1749.53, 1676118600: 1764.8899999999999, 1676824200: 1769.02, 1677337200: 1758.22, 1677699900: 1786.32, 1677942000: 1777.98, 1678629600: 1765.32, 1680440400: 1763.51, 1680721200: 1776.03, 1680962400: 1749.16, 1681650000: 1779.7900000000002, 1682254800: 1788.9200000000003, 1682534700: 1836.6100000000004, 1682767800: 1821.6400000000003, 1683140400: 1806.6700000000003, 1683482400: 1802.0200000000002, 1684069200: 1827.2600000000002, 1684672200: 1811.0800000000002, 1685287800: 1823.14}"
62,Sheffield Utd,40,1801.24,102,"{1659380400: 1744.41, 1659794400: 1718.68, 1660244400: 1738.15, 1660482000: 1715.98, 1660762800: 1716.4, 1661004000: 1726.46, 1661540400: 1743.3700000000001, 1661885100: 1744.3200000000002, 1662300000: 1757.3300000000002, 1663094700: 1780.19, 1663423200: 1794.18, 1664632800: 1820.6000000000001, 1664909100: 1804.2900000000002, 1665237600: 1771.3200000000002, 1665842400: 1733.8000000000002, 1666205100: 1720.4800000000002, 1666447200: 1697.4000000000003, 1667043000: 1687.8100000000004, 1667332800: 1715.6200000000003, 1667651400: 1734.2100000000003, 1667936700: 1766.3900000000003, 1668265200: 1731.4500000000003, 1670684400: 1746.0900000000004, 1671480000: 1752.4700000000005, 1672066800: 1764.8500000000006, 1672344900: 1778.7000000000005, 1672689600: 1789.3700000000006, 1673103600: 1781.6400000000006, 1673708400: 1811.1200000000006, 1674243900: 1818.0700000000006, 1675513800: 1822.4000000000005, 1676127600: 1812.6600000000005, 1676491200: 1822.6800000000005, 1676723400: 1777.3800000000006, 1677337200: 1755.7300000000005, 1677700500: 1763.9100000000005, 1677933000: 1788.6500000000005, 1678219200: 1768.4400000000005, 1678546800: 1781.7700000000004, 1678910400: 1752.1900000000005, 1679227200: 1770.7400000000005, 1680357600: 1781.3500000000004, 1680876000: 1799.4900000000005, 1681153200: 1802.6600000000005, 1681558200: 1788.9000000000005, 1681843500: 1796.0900000000006, 1682178300: 1802.1400000000006, 1682535600: 1797.2200000000005, 1682776800: 1807.3100000000004, 1683225900: 1817.3900000000003, 1683554400: 1790.4700000000003}"
39,Wolves,39,1788.41,85,"{1659794400: 1742.74, 1660399200: 1727.81, 1660995000: 1724.55, 1661280300: 1719.68, 1661691600: 1732.2, 1661970600: 1737.13, 1662213600: 1744.72, 1663414200: 1758.95, 1664641800: 1746.17, 1665237600: 1726.23, 1665842400: 1718.5, 1666120500: 1733.1, 1666530000: 1724.6899999999998, 1667052000: 1682.2399999999998, 1667660400: 1693.1599999999999, 1668023100: 1679.5299999999997, 1668282300: 1697.6799999999998, 1672066800: 1683.61, 1672489800: 1710.7299999999998, 1672862400: 1698.0599999999997, 1673121600: 1710.3399999999997, 1673466300: 1727.6799999999996, 1673708400: 1735.8899999999996, 1673984700: 1750.9899999999996, 1674396000: 1740.9999999999995, 1675522800: 1736.4299999999996, 1676127600: 1789.2999999999995, 1676732400: 1810.7899999999995, 1677268800: 1779.6899999999996, 1677700800: 1791.6499999999996, 1677942000: 1783.8799999999997, 1678638600: 1806.8299999999997, 1679151600: 1799.1099999999997, 1680357600: 1753.7499999999998, 1680962400: 1756.9099999999999, 1681567200: 1779.1999999999998, 1682172000: 1810.7299999999998, 1682447400: 1790.4699999999998, 1682776800: 1815.8299999999997, 1683381600: 1797.7899999999997, 1683986400: 1819.9099999999996, 1684591200: 1809.0699999999997, 1685287800: 1799.9299999999996}"
65,Nottingham Forest,39,1770.56,98,"{1659794400: 1845.16, 1660482000: 1827.51, 1661004000: 1840.55, 1661700600: 1839.52, 1661970600: 1812.15, 1662213600: 1804.8200000000002, 1663354800: 1777.3400000000001, 1664823600: 1752.9800000000002, 1665428400: 1725.0200000000002, 1665842400: 1722.3500000000001, 1666117800: 1707.7500000000002, 1666438200: 1721.2000000000003, 1667138400: 1754.8000000000002, 1667660400: 1745.63, 1668023100: 1742.1200000000001, 1668265200: 1782.13, 1671651900: 1801.95, 1672171200: 1831.88, 1672590600: 1815.3600000000001, 1672860600: 1817.8100000000002, 1673103600: 1835.0500000000002, 1673466300: 1779.2400000000002, 1673708400: 1771.0300000000002, 1674313200: 1795.4, 1674676800: 1794.8600000000001, 1675281600: 1766.5100000000002, 1675605600: 1757.9200000000003, 1676127600: 1770.5300000000002, 1676732400: 1756.4500000000003, 1677337200: 1769.1900000000003, 1678024800: 1741.0900000000004, 1678546800: 1731.0200000000004, 1679083200: 1721.6500000000005, 1680357600: 1709.1800000000005, 1680633900: 1706.0200000000004, 1680962400: 1693.4500000000005, 1681659000: 1685.2400000000005, 1682172000: 1671.0400000000004, 1682533800: 1668.3000000000004, 1682776800: 1713.7700000000004, 1683572400: 1707.3500000000004, 1683986400: 1719.6500000000003, 1684600200: 1731.0100000000002, 1685287800: 1761.13}"
1359,Luton,40,1768.11,100,"{1659189600: 1679.55, 1659794400: 1665.51, 1660399200: 1674.86, 1660675500: 1649.36, 1661004000: 1623.7099999999998, 1661540400: 1659.9099999999999, 1661885100: 1658.9599999999998, 1662213600: 1678.5699999999997, 1663181100: 1648.4699999999998, 1663423200: 1636.4599999999998, 1664564400: 1655.86, 1664909100: 1679.9799999999998, 1665237600: 1668.6299999999999, 1665833400: 1669.02, 1666118700: 1691.43, 1666522800: 1714.13, 1667052000: 1672.2700000000002, 1667331900: 1662.8300000000002, 1667660400: 1652.0800000000002, 1667936700: 1672.7800000000002, 1668265200: 1642.3600000000001, 1670684400: 1632.98, 1672083900: 1619.92, 1672336800: 1633.8700000000001, 1672585200: 1674.2800000000002, 1673112600: 1694.0100000000002, 1673708400: 1678.2100000000003, 1673984700: 1653.5800000000002, 1674313200: 1667.64, 1675194300: 1686.5800000000002, 1675522800: 1692.6100000000001, 1676127600: 1701.8000000000002, 1676490300: 1700.8700000000001, 1676732400: 1698.23, 1677337200: 1684.16, 1677614400: 1698.52, 1677942000: 1692.98, 1678546800: 1700.58, 1678909500: 1730.1599999999999, 1679151600: 1740.4299999999998, 1680348600: 1738.59, 1680867000: 1749.98, 1681135200: 1751.16, 1681567200: 1756.21, 1681930800: 1777.72, 1682362800: 1769.19, 1682958600: 1782.76, 1683554400: 1778.39, 1683995400: 1765.24, 1684263600: 1746.73, 1685202300: 1765.48}"
45,Everton,39,1759.54,83,"{1659803400: 1745.71, 1660390200: 1734.55, 1661004000: 1722.6599999999999, 1661608800: 1723.6899999999998, 1661886000: 1733.9299999999998, 1662204600: 1742.4399999999998, 1663506900: 1755.8099999999997, 1664632800: 1771.6999999999998, 1665338400: 1794.1599999999999, 1665851400: 1773.84, 1666204200: 1765.4499999999998, 1666447200: 1758.4199999999998, 1667061000: 1794.7299999999998, 1667669400: 1801.11, 1667936700: 1763.55, 1668265200: 1735.71, 1672066800: 1713.03, 1672498800: 1685.91, 1672775100: 1704.25, 1673035200: 1680.1, 1673708400: 1673.8999999999999, 1674313200: 1651.82, 1675513800: 1636.25, 1676318400: 1670.34, 1676732400: 1665.81, 1677337200: 1682.54, 1677699900: 1653.31, 1678024800: 1648.56, 1678546800: 1658.6299999999999, 1679160600: 1686.4799999999998, 1680548400: 1701.4799999999998, 1680953400: 1708.3399999999997, 1681567200: 1702.1999999999996, 1682172000: 1674.1099999999997, 1682621100: 1687.3099999999997, 1682967600: 1671.0799999999997, 1683563400: 1679.6199999999997, 1684069200: 1747.1199999999997, 1684591200: 1737.6099999999997, 1685287800: 1746.7499999999998}"
46,Leicester,39,1730.39,83,"{1659877200: 1849.07, 1660399200: 1841.09, 1661004000: 1827.8799999999999, 1661608800: 1796.4099999999999, 1662058800: 1790.09, 1662296400: 1767.4099999999999, 1663432200: 1753.08, 1664823600: 1743.3799999999999, 1665237600: 1771.34, 1665833400: 1758.49, 1666293300: 1758.77, 1666530000: 1778.55, 1667043000: 1821.0, 1667669400: 1811.66, 1668265200: 1849.22, 1672066800: 1881.81, 1672430400: 1846.01, 1672775100: 1841.09, 1673380800: 1815.4399999999998, 1673708400: 1805.09, 1674313200: 1780.72, 1675522800: 1785.17, 1676127600: 1829.4, 1676815200: 1866.5700000000002, 1677337200: 1851.1100000000001, 1677612600: 1834.65, 1677951000: 1801.2, 1678546800: 1781.8500000000001, 1679151600: 1754.3500000000001, 1680357600: 1767.0600000000002, 1680633900: 1752.3000000000002, 1680962400: 1734.8000000000002, 1681576200: 1708.7500000000002, 1682172000: 1706.1900000000003, 1682449200: 1726.4500000000003, 1682967600: 1729.6400000000003, 1683554400: 1721.1000000000004, 1684177200: 1707.4700000000003, 1684782000: 1693.2400000000002, 1685287800: 1709.6100000000001}"
1346,Coventry,40,1708.82,98,"{1659265200: 1607.79, 1660157100: 1614.03, 1660399200: 1563.01, 1661608800: 1553.77, 1661971500: 1540.97, 1662213600: 1522.6000000000001, 1663181100: 1507.3500000000001, 1663423200: 1519.3600000000001, 1664632800: 1525.5000000000002, 1664909100: 1543.2000000000003, 1665237600: 1553.1400000000003, 1665842400: 1537.6900000000003, 1666205100: 1566.4800000000002, 1666447200: 1589.5600000000002, 1666723500: 1631.17, 1667052000: 1622.22, 1667331900: 1593.15, 1667660400: 1612.02, 1667936700: 1639.92, 1668265200: 1651.8300000000002, 1670680800: 1669.2700000000002, 1671289200: 1648.3500000000001, 1671651900: 1640.7900000000002, 1672066800: 1655.7200000000003, 1672343100: 1641.8700000000003, 1672585200: 1630.5900000000004, 1673708400: 1621.6900000000003, 1674304200: 1617.1300000000003, 1674918000: 1577.2000000000003, 1675454400: 1595.9200000000003, 1676127600: 1585.5600000000004, 1676403900: 1586.4900000000005, 1676732400: 1605.4000000000005, 1677328200: 1638.0600000000006, 1677613500: 1654.1000000000006, 1677942000: 1655.2000000000005, 1678546800: 1686.2600000000004, 1678823100: 1675.7700000000004, 1679151600: 1668.4200000000005, 1680357600: 1698.1700000000005, 1680876000: 1646.2200000000005, 1681135200: 1647.2500000000005, 1681567200: 1636.8900000000006, 1681929900: 1658.6100000000006, 1682172000: 1661.8100000000006, 1682776800: 1670.0700000000006, 1683554400: 1682.0500000000006, 1684062000: 1689.2400000000007, 1684350000: 1684.5100000000007, 1685202300: 1711.4500000000007}"
35,Bournemouth,39,1702.90,89,"{1659794400: 1804.42, 1660399200: 1826.1100000000001, 1661013000: 1818.9900000000002, 1661280300: 1788.8400000000001, 1661608800: 1783.5300000000002, 1661970600: 1775.89, 1662213600: 1768.3000000000002, 1663423200: 1795.7800000000002, 1664632800: 1806.7600000000002, 1665237600: 1801.2700000000002, 1665842400: 1814.1200000000001, 1666204200: 1817.0900000000001, 1666638000: 1785.6100000000001, 1667052000: 1765.47, 1667660400: 1751.07, 1667936700: 1735.6399999999999, 1668265200: 1763.4799999999998, 1671565500: 1786.1599999999999, 1672162200: 1779.6499999999999, 1672498800: 1769.35, 1672776000: 1734.08, 1673103600: 1724.34, 1673717400: 1696.58, 1674313200: 1686.02, 1675522800: 1686.56, 1676136600: 1682.53, 1676732400: 1693.42, 1677346200: 1724.52, 1677942000: 1713.27, 1678537800: 1709.83, 1679151600: 1741.49, 1680357600: 1724.23, 1680633900: 1747.31, 1680962400: 1726.3999999999999, 1681568100: 1752.4499999999998, 1682254800: 1785.7399999999998, 1682621100: 1738.0499999999997, 1682859600: 1761.2499999999998, 1683381600: 1779.4199999999998, 1683986400: 1743.3, 1684591200: 1727.04, 1685287800: 1715.69}"
746,Sunderland,40,1691.01,50,"{1659265200: 1620.0, 1659794400: 1613.76, 1660399200: 1636.7, 1660762800: 1626.88, 1661004000: 1616.8200000000002, 1661599800: 1641.17, 1661971500: 1613.45, 1662404400: 1642.22, 1663182000: 1625.65, 1663423200: 1665.69, 1664632800: 1666.54, 1664909100: 1658.87, 1665237600: 1646.7399999999998, 1665842400: 1631.6299999999999, 1666119600: 1644.28, 1666447200: 1620.62, 1667052000: 1594.2399999999998, 1667418300: 1603.6799999999998, 1667660400: 1639.61, 1668196800: 1609.0, 1670070600: 1635.65, 1670875200: 1664.5500000000002, 1671289200: 1635.9700000000003, 1672057800: 1634.5200000000002, 1672343100: 1648.2300000000002, 1672585200: 1677.2100000000003, 1673708400: 1672.4200000000003, 1674388800: 1629.9700000000003, 1674918000: 1658.1000000000004, 1675522800: 1672.2600000000004, 1675885500: 1676.8000000000004, 1676127600: 1661.5400000000004, 1676403900: 1670.8700000000003, 1676732400: 1700.8100000000004, 1677008700: 1693.3900000000003, 1677328200: 1668.3300000000004, 1677942000: 1652.2900000000004, 1678622400: 1597.5200000000004, 1678910400: 1627.0000000000005, 1679151600: 1608.4500000000005, 1680289200: 1610.2900000000004, 1680885000: 1626.5500000000004, 1681135200: 1618.2300000000005, 1681567200: 1639.0900000000004, 1681843500: 1648.6700000000003, 1682247600: 1638.5900000000004, 1682776800: 1664.5500000000004, 1683554400: 1652.7600000000004, 1683995400: 1691.2500000000005, 1684263600: 1709.7600000000004}"
76,Swansea,40,1688.30,97,"{1659189600: 1612.65, 1659794400: 1618.64, 1660399200: 1573.42, 1660675500: 1597.5500000000002, 1661004000: 1596.6000000000001, 1661608800: 1560.4, 1661971500: 1548.3600000000001, 1662213600: 1556.43, 1663094700: 1572.46, 1663414200: 1558.47, 1664632800: 1579.16, 1664995500: 1606.6000000000001, 1665237600: 1633.5000000000002, 1665842400: 1648.6100000000001, 1666118700: 1630.6200000000001, 1666522800: 1640.6200000000001, 1667041200: 1655.94, 1667331900: 1658.0700000000002, 1667660400: 1641.4800000000002, 1667936700: 1628.9200000000003, 1668265200: 1634.8400000000004, 1670684400: 1636.2100000000003, 1671289200: 1610.1300000000003, 1672161300: 1617.6900000000003, 1672429500: 1600.1800000000003, 1672671600: 1629.6800000000003, 1673181000: 1615.6300000000003, 1673708400: 1618.9200000000003, 1673984700: 1661.3700000000003, 1674313200: 1632.2200000000003, 1675522800: 1634.0000000000002, 1676127600: 1601.9000000000003, 1676490300: 1591.8800000000003, 1676732400: 1602.1300000000003, 1677008700: 1587.6600000000003, 1677528000: 1547.7300000000002, 1677942000: 1541.1300000000003, 1678546800: 1533.5300000000004, 1678823100: 1513.7800000000004, 1679229000: 1507.1500000000003, 1680357600: 1539.5700000000004, 1680876000: 1564.1900000000003, 1681135200: 1563.1600000000003, 1681567200: 1593.7900000000004, 1681929900: 1606.9100000000003, 1682172000: 1630.0400000000004, 1682776800: 1674.8200000000004, 1683554400: 1676.6300000000003}"
70,Middlesbrough,40,1683.30,99,"{1659198600: 1652.34, 1659794400: 1644.08, 1660482000: 1623.22, 1660761900: 1622.8, 1661004000: 1627.06, 1661608800: 1606.78, 1661886000: 1618.82, 1662404400: 1602.32, 1663094700: 1618.8899999999999, 1663440300: 1588.3999999999999, 1664632800: 1585.4099999999999, 1664995500: 1567.7099999999998, 1665237600: 1580.6599999999999, 1665842400: 1559.36, 1666205100: 1535.7099999999998, 1666447200: 1584.8899999999999, 1667052000: 1577.2399999999998, 1667331900: 1564.2799999999997, 1667660400: 1598.7399999999998, 1667936700: 1591.7699999999998, 1668265200: 1631.9599999999998, 1670684400: 1658.7099999999998, 1671289200: 1671.7699999999998, 1672066800: 1659.8999999999999, 1672343100: 1672.7499999999998, 1672671600: 1694.7499999999998, 1673103600: 1722.9199999999998, 1673708400: 1696.3999999999999, 1674388800: 1708.2499999999998, 1674918000: 1680.1199999999997, 1675522800: 1696.0999999999997, 1676127600: 1708.4399999999996, 1676491200: 1727.1099999999997, 1676732400: 1772.4099999999996, 1677337200: 1778.3999999999996, 1677942000: 1744.0699999999997, 1678546800: 1757.1899999999996, 1678824000: 1776.9399999999996, 1679151600: 1765.5499999999995, 1680357600: 1780.1999999999996, 1680894000: 1735.9599999999996, 1681144200: 1719.4199999999996, 1681498800: 1719.6699999999996, 1681930800: 1741.0399999999995, 1682362800: 1753.4199999999996, 1682942400: 1739.8499999999997, 1683554400: 1712.6999999999996, 1684062000: 1705.5099999999995, 1684350000: 1710.2399999999996}"
41,Southampton,39,1641.32,87,"{1659794400: 1712.82, 1660399200: 1704.4299999999998, 1661004000: 1701.1999999999998, 1661599800: 1732.6699999999998, 1661885100: 1712.09, 1662213600: 1741.53, 1663354800: 1727.3, 1664632800: 1714.6299999999999, 1665237600: 1692.1699999999998, 1665925200: 1688.9299999999998, 1666204200: 1690.08, 1666530000: 1721.56, 1667052000: 1731.6699999999998, 1667743200: 1722.1999999999998, 1668265200: 1700.1999999999998, 1672066800: 1696.6999999999998, 1672498800: 1677.0399999999997, 1672860600: 1669.5699999999997, 1673094600: 1652.3299999999997, 1673467200: 1684.6899999999996, 1673708400: 1737.6899999999996, 1674313200: 1759.7699999999995, 1674590400: 1738.8199999999995, 1674918000: 1727.2199999999996, 1675195200: 1733.4799999999996, 1675522800: 1729.1599999999996, 1676127600: 1715.2999999999997, 1676732400: 1693.8099999999997, 1677337200: 1728.8999999999996, 1677951000: 1712.4799999999996, 1678629600: 1731.8299999999995, 1678908600: 1747.3699999999994, 1679151600: 1720.9299999999994, 1680440400: 1726.9399999999994, 1680971400: 1714.4199999999994, 1681567200: 1705.3299999999995, 1682103600: 1676.6699999999994, 1682621100: 1694.1599999999994, 1682859600: 1670.9599999999994, 1683572400: 1666.3699999999994, 1683986400: 1654.0699999999995, 1684674000: 1631.9399999999994, 1685287800: 1626.8099999999993}"
67,Blackburn,40,1636.74,99,"{1659189600: 1602.9, 1659794400: 1614.17, 1660485600: 1659.39, 1660762800: 1671.9, 1661004000: 1627.65, 1661608800: 1610.74, 1661972400: 1583.02, 1662213600: 1607.42, 1663094700: 1585.02, 1663423200: 1608.12, 1664632800: 1588.7199999999998, 1664910000: 1603.3099999999997, 1665237600: 1585.4199999999996, 1665513900: 1611.1999999999996, 1665842400: 1595.1999999999996, 1666119600: 1618.8499999999997, 1666447200: 1642.5099999999998, 1667052000: 1654.5699999999997, 1667331900: 1673.4599999999998, 1667660400: 1654.59, 1668023100: 1663.49, 1668342600: 1674.98, 1670673600: 1658.09, 1671298200: 1609.54, 1671651900: 1651.29, 1672057800: 1621.36, 1672343100: 1607.6499999999999, 1672574400: 1585.6499999999999, 1673186400: 1597.3, 1673699400: 1621.18, 1674313200: 1579.96, 1674918000: 1587.55, 1675194300: 1577.81, 1675713600: 1599.8, 1676127600: 1586.28, 1676491200: 1592.19, 1676732400: 1600.8500000000001, 1677008700: 1615.3200000000002, 1677337200: 1624.9600000000003, 1677612600: 1651.4700000000003, 1677933000: 1684.9200000000003, 1678478400: 1705.1300000000003, 1678909500: 1686.7900000000004, 1679227200: 1693.7800000000004, 1680357600: 1683.1700000000005, 1680876000: 1658.8400000000006, 1681126200: 1618.2600000000007, 1681584300: 1621.3400000000006, 1681929900: 1614.6400000000006, 1682181000: 1611.4400000000005, 1682449200: 1616.5800000000006, 1682958600: 1605.6600000000005, 1683554400: 1610.0300000000004}"
63,Leeds,39,1636.28,83,"{1659794400: 1732.85, 1660399200: 1747.78, 1661086800: 1751.01, 1661608800: 1801.17, 1661886000: 1791.9, 1662213600: 1783.39, 1664724600: 1761.3700000000001, 1665320400: 1756.42, 1665925200: 1746.69, 1666293300: 1735.42, 1666530000: 1715.64, 1667069100: 1694.0500000000002, 1667660400: 1731.9, 1668023100: 1747.3300000000002, 1668265200: 1729.18, 1672257600: 1723.53, 1672498800: 1714.61, 1672861500: 1730.52, 1673186400: 1723.79, 1673640000: 1717.96, 1674071100: 1709.02, 1674396000: 1719.93, 1675605600: 1723.0900000000001, 1675886400: 1710.4800000000002, 1676210400: 1726.3200000000002, 1676732400: 1708.5500000000002, 1677337200: 1691.8200000000002, 1677613500: 1708.2400000000002, 1677942000: 1699.4100000000003, 1678546800: 1693.6200000000003, 1679151600: 1702.5800000000004, 1680357600: 1747.9400000000003, 1680633900: 1741.5100000000002, 1681045200: 1754.0800000000002, 1681758000: 1708.19, 1682163000: 1689.55, 1682449200: 1682.33, 1682859600: 1679.1399999999999, 1683381600: 1660.9699999999998, 1683977400: 1659.7899999999997, 1684672200: 1671.3099999999997, 1685287800: 1659.2499999999998}"
37,Huddersfield,40,1632.98,101,"{1659121200: 1756.54, 1659725100: 1728.76, 1660070700: 1701.21, 1660399200: 1649.88, 1660675500: 1668.93, 1661608800: 1647.3300000000002, 1661971500: 1640.7200000000003, 1662300000: 1619.4000000000003, 1663094700: 1589.7400000000002, 1663423200: 1565.5300000000002, 1664632800: 1578.9600000000003, 1664909100: 1556.3700000000003, 1665313200: 1567.7200000000003, 1665833400: 1583.4300000000003, 1666118700: 1568.0900000000004, 1666447200: 1544.9600000000003, 1667052000: 1552.6100000000004, 1667418300: 1573.2500000000005, 1667660400: 1537.3200000000004, 1667936700: 1528.4200000000003, 1668265200: 1558.7600000000002, 1670684400: 1557.3900000000003, 1671289200: 1551.0100000000002, 1672066800: 1519.5700000000002, 1672343100: 1550.5500000000002, 1672585200: 1569.65, 1673094600: 1549.92, 1673708400: 1532.97, 1674918000: 1539.89, 1675522800: 1521.17, 1675799100: 1516.3100000000002, 1676127600: 1521.9, 1676490300: 1502.24, 1676732400: 1482.79, 1677337200: 1498.78, 1677942000: 1494.98, 1678218300: 1463.92, 1678546800: 1468.0700000000002, 1678909500: 1461.0900000000001, 1679151600: 1465.94, 1680357600: 1500.8700000000001, 1680876000: 1545.1100000000001, 1681126200: 1572.2600000000002, 1681567200: 1569.1800000000003, 1681843500: 1556.0600000000004, 1682852400: 1566.1400000000003, 1683225900: 1592.0600000000004, 1683554400: 1618.9800000000005}"
56,Bristol City,40,1619.76,98,"{1659189600: 1580.49, 1659794400: 1565.19, 1660157100: 1542.25, 1660399200: 1593.27, 1660675500: 1600.1399999999999, 1661079600: 1625.79, 1661608800: 1643.06, 1661971500: 1644.1399999999999, 1662213600: 1665.4599999999998, 1663181100: 1687.86, 1663423200: 1671.9499999999998, 1664632800: 1661.0499999999997, 1664909100: 1632.7399999999998, 1665237600: 1622.7999999999997, 1665600300: 1588.1999999999998, 1665842400: 1607.35, 1666119600: 1581.6599999999999, 1666447200: 1622.55, 1667041200: 1593.1699999999998, 1667332800: 1591.0399999999997, 1667660400: 1572.4499999999998, 1668265200: 1579.4199999999998, 1670675400: 1577.4199999999998, 1671289200: 1615.62, 1672066800: 1587.56, 1672343100: 1553.12, 1672585200: 1564.37, 1673181000: 1573.27, 1673708400: 1569.98, 1673984700: 1589.66, 1674313200: 1618.8100000000002, 1674918000: 1611.2200000000003, 1675522800: 1646.4700000000003, 1676127600: 1668.4800000000002, 1676490300: 1680.2800000000002, 1676732400: 1665.4100000000003, 1677337200: 1672.8300000000004, 1677614400: 1682.0000000000005, 1677933000: 1673.1300000000006, 1678218300: 1637.1000000000006, 1678537800: 1632.9500000000005, 1678909500: 1645.5100000000004, 1679229000: 1635.2400000000005, 1680357600: 1602.8200000000004, 1680876000: 1592.6700000000003, 1681144200: 1623.7300000000002, 1681567200: 1623.4800000000002, 1681843500: 1596.4800000000002, 1682172000: 1590.4300000000003, 1682776800: 1602.6100000000004, 1683554400: 1592.7900000000004}"
64,Hull City,40,1617.62,94,"{1659189600: 1563.67, 1659794400: 1578.97, 1660399200: 1587.34, 1660675500: 1600.01, 1661004000: 1610.77, 1661608800: 1584.75, 1661885100: 1597.55, 1662300000: 1573.06, 1663094700: 1550.2, 1663414200: 1507.55, 1664564400: 1486.86, 1664995500: 1462.74, 1665313200: 1487.66, 1665928800: 1471.95, 1666205100: 1441.04, 1666447200: 1488.26, 1667052000: 1535.21, 1667331900: 1516.32, 1667660400: 1481.86, 1667936700: 1494.7199999999998, 1668265200: 1523.8099999999997, 1670770800: 1498.4199999999996, 1671289200: 1510.6899999999996, 1672066800: 1512.1399999999996, 1672429500: 1505.7199999999996, 1672671600: 1536.0299999999995, 1673103600: 1573.3299999999995, 1673708400: 1558.4399999999994, 1674243900: 1551.5199999999993, 1674918000: 1547.1899999999994, 1675522800: 1573.7299999999993, 1676127600: 1583.6199999999994, 1676403900: 1588.6699999999994, 1676732400: 1568.3699999999994, 1677337200: 1562.1899999999994, 1677873600: 1553.0199999999993, 1678546800: 1583.8099999999993, 1678909500: 1594.2999999999993, 1679151600: 1580.4699999999993, 1680357600: 1582.1699999999994, 1680885000: 1572.6199999999994, 1681135200: 1580.9399999999994, 1681584300: 1600.2699999999993, 1681930800: 1606.9699999999993, 1682172000: 1594.5899999999992, 1682776800: 1606.2799999999993, 1683554400: 1604.4699999999993}"
60,West Brom,40,1610.81,96,"{1659198600: 1599.78, 1659985200: 1608.04, 1660244400: 1600.37, 1660485600: 1622.54, 1660762800: 1610.03, 1661004000: 1601.91, 1661608800: 1627.93, 1661885100: 1634.54, 1662145200: 1637.6299999999999, 1663182000: 1637.8899999999999, 1663423200: 1605.9099999999999, 1664632800: 1614.9799999999998, 1664996400: 1587.5399999999997, 1665237600: 1575.4899999999998, 1665842400: 1575.0999999999997, 1666119600: 1613.7699999999998, 1666447200: 1572.8799999999997, 1667043000: 1562.4199999999996, 1667332800: 1534.6099999999997, 1667660400: 1551.5599999999997, 1668265200: 1582.2099999999998, 1670875200: 1605.1, 1671289200: 1633.6799999999998, 1671651900: 1650.7199999999998, 1672066800: 1635.7899999999997, 1672344000: 1670.2299999999998, 1672671600: 1686.8099999999997, 1673708400: 1696.3499999999997, 1674244800: 1720.9799999999998, 1674918000: 1713.7199999999998, 1675454400: 1678.4699999999998, 1676059200: 1688.8299999999997, 1676491200: 1653.1799999999996, 1676923200: 1644.5199999999995, 1677337200: 1627.8499999999995, 1677873600: 1662.1799999999994, 1678219200: 1631.3899999999994, 1678546800: 1638.0399999999995, 1678909500: 1645.0199999999995, 1680357600: 1643.5799999999995, 1680868800: 1639.1899999999994, 1681135200: 1606.7799999999993, 1681567200: 1592.1599999999994, 1681843500: 1621.8299999999995, 1682247600: 1645.3999999999994, 1682535600: 1619.4399999999994, 1682785800: 1609.3499999999995, 1683554400: 1622.4799999999996}"
58,Millwall,40,1604.66,95,"{1659189600: 1674.2, 1659794400: 1691.3400000000001, 1660399200: 1671.8700000000001, 1660675500: 1681.1100000000001, 1660935600: 1682.0600000000002, 1661608800: 1650.39, 1661885100: 1619.67, 1662213600: 1605.79, 1663181100: 1621.97, 1663423200: 1579.66, 1664632800: 1592.28, 1664995500: 1577.69, 1665237600: 1584.3700000000001, 1665842400: 1605.67, 1666206000: 1631.3600000000001, 1666447200: 1653.3300000000002, 1667052000: 1663.7900000000002, 1667418300: 1643.15, 1667660400: 1647.19, 1668265200: 1634.3300000000002, 1670070600: 1674.45, 1670684400: 1645.55, 1672056000: 1633.4099999999999, 1672343100: 1674.32, 1672585200: 1663.07, 1673103600: 1675.6399999999999, 1673708400: 1646.1599999999999, 1674313200: 1634.31, 1675522800: 1652.6, 1676127600: 1648.06, 1676403900: 1667.59, 1676723400: 1648.6799999999998, 1677008700: 1670.33, 1677337200: 1678.04, 1677614400: 1699.77, 1677942000: 1705.31, 1678546800: 1676.83, 1678823100: 1694.4199999999998, 1679151600: 1701.05, 1680357600: 1666.12, 1680867000: 1670.51, 1681135200: 1669.33, 1681567200: 1650.0, 1681844400: 1671.38, 1682172000: 1639.3100000000002, 1682708400: 1614.8000000000002, 1683554400: 1631.3700000000001}"
38,Watford,40,1565.85,88,"{1659380400: 1541.99, 1659985200: 1567.72, 1660330800: 1575.39, 1660675500: 1598.64, 1661004000: 1599.45, 1661608800: 1609.57, 1661886000: 1580.1899999999998, 1662213600: 1596.6899999999998, 1663094700: 1603.61, 1663423200: 1580.51, 1664708400: 1579.66, 1664995500: 1631.63, 1665237600: 1604.73, 1665859500: 1576.6200000000001, 1666206000: 1595.5200000000002, 1666522800: 1573.5500000000002, 1667052000: 1615.41, 1667418300: 1636.1200000000001, 1667660400: 1657.24, 1667937600: 1629.34, 1668265200: 1644.6399999999999, 1670770800: 1646.6399999999999, 1671289200: 1634.37, 1672056000: 1665.81, 1672429500: 1624.8999999999999, 1672671600: 1595.3999999999999, 1673094600: 1620.7699999999998, 1673708400: 1595.4699999999998, 1674313200: 1613.8099999999997, 1674918000: 1604.0199999999998, 1675522800: 1588.0399999999997, 1676127600: 1592.0599999999997, 1676404800: 1586.1499999999996, 1676923200: 1602.9899999999996, 1677337200: 1619.6599999999996, 1677942000: 1611.4799999999996, 1678546800: 1603.8599999999997, 1678823100: 1580.3299999999997, 1679151600: 1598.7899999999997, 1680348600: 1586.4699999999998, 1680876000: 1575.0799999999997, 1681135200: 1547.9299999999996, 1681567200: 1558.2899999999995, 1681929900: 1585.2899999999995, 1682172000: 1540.9899999999996, 1682776800: 1529.2999999999995, 1683554400: 1541.0899999999995}"
75,Stoke City,40,1555.06,96,"{1659189600: 1615.02, 1659794400: 1597.8799999999999, 1660399200: 1616.9499999999998, 1660761900: 1597.8999999999999, 1661004000: 1593.6399999999999, 1661608800: 1569.29, 1661971500: 1597.01, 1662289200: 1588.94, 1663094700: 1572.98, 1663423200: 1615.63, 1664708400: 1621.0800000000002, 1664995500: 1569.1100000000001, 1665237600: 1582.38, 1665842400: 1619.9, 1666119600: 1660.96, 1666447200: 1631.45, 1667052000: 1589.8400000000001, 1667418300: 1570.45, 1667660400: 1592.55, 1667936700: 1567.8999999999999, 1668265200: 1598.32, 1670684400: 1575.4299999999998, 1671289200: 1567.1, 1672066800: 1595.1599999999999, 1672429500: 1596.57, 1672671600: 1583.56, 1673708400: 1558.11, 1674313200: 1551.1599999999999, 1675522800: 1582.4499999999998, 1676127600: 1573.2599999999998, 1676490300: 1568.2099999999998, 1676732400: 1587.6599999999999, 1677008700: 1568.1699999999998, 1677337200: 1608.1, 1677611700: 1586.37, 1677942000: 1579.2199999999998, 1678478400: 1633.9899999999998, 1678824000: 1652.3299999999997, 1679151600: 1663.7199999999998, 1680357600: 1656.9999999999998, 1680876000: 1708.9499999999998, 1681135200: 1677.8899999999999, 1681567200: 1675.4899999999998, 1681843500: 1645.8199999999997, 1682172000: 1611.2699999999998, 1682776800: 1613.4599999999998, 1683554400: 1579.8199999999997}"
59,Preston,40,1549.04,98,"{1659189600: 1628.74, 1659794400: 1633.88, 1660070700: 1625.5100000000002, 1660399200: 1676.8400000000001, 1660675500: 1702.3400000000001, 1661004000: 1693.18, 1661280300: 1683.0600000000002, 1661608800: 1670.5400000000002, 1661971500: 1669.4200000000003, 1662213600: 1687.7900000000002, 1663095600: 1653.13, 1663423200: 1652.49, 1664632800: 1626.07, 1664996400: 1633.74, 1665237600: 1645.79, 1665600300: 1673.3999999999999, 1665842400: 1654.2499999999998, 1666118700: 1613.1899999999998, 1666438200: 1636.32, 1667052000: 1604.99, 1667331900: 1617.95, 1667592000: 1634.54, 1668265200: 1656.28, 1670673600: 1616.16, 1671289200: 1664.71, 1672066800: 1633.93, 1672344000: 1602.95, 1672671600: 1586.3700000000001, 1673094600: 1611.8200000000002, 1673708400: 1628.7700000000002, 1674313200: 1572.8300000000002, 1674928800: 1595.8500000000001, 1675522800: 1581.5300000000002, 1676127600: 1559.5200000000002, 1676490300: 1554.6600000000003, 1676732400: 1557.3000000000004, 1677337200: 1563.4800000000005, 1677613500: 1573.1900000000005, 1677942000: 1572.0900000000006, 1678546800: 1579.7100000000005, 1678823100: 1598.1300000000006, 1679151600: 1619.5600000000006, 1680348600: 1604.9100000000005, 1680876000: 1618.1800000000005, 1681135200: 1638.6600000000005, 1681567200: 1647.2600000000004, 1681929900: 1625.8800000000003, 1682181000: 1602.7500000000002, 1682776800: 1597.6100000000001, 1683554400: 1587.5300000000002}"
43,Cardiff,40,1541.65,97,"{1659189600: 1550.48, 1659794400: 1566.5, 1660390200: 1546.98, 1660762800: 1560.29, 1661079600: 1568.4099999999999, 1661608800: 1551.1399999999999, 1661885100: 1552.2599999999998, 1662213600: 1532.6499999999999, 1663094700: 1516.4699999999998, 1663423200: 1546.9599999999998, 1664632800: 1533.5299999999997, 1664910000: 1540.1699999999998, 1665237600: 1558.06, 1665842400: 1601.46, 1666205100: 1572.67, 1666522800: 1554.65, 1667052000: 1539.3300000000002, 1667418300: 1555.5400000000002, 1667660400: 1534.4200000000003, 1667936700: 1565.0300000000002, 1668265200: 1535.9400000000003, 1670684400: 1521.3000000000002, 1671289200: 1529.63, 1672074900: 1521.94, 1672343100: 1519.88, 1672574400: 1531.16, 1673186400: 1519.51, 1673708400: 1525.34, 1674071100: 1515.4599999999998, 1674313200: 1504.5499999999997, 1675194300: 1486.2599999999998, 1675522800: 1480.2299999999998, 1676127600: 1470.3399999999997, 1676403900: 1451.6699999999996, 1676664000: 1497.6599999999996, 1677337200: 1515.5099999999995, 1677933000: 1502.2799999999995, 1678546800: 1538.3099999999995, 1678909500: 1519.8899999999994, 1680357600: 1521.3299999999995, 1680876000: 1496.7099999999996, 1681135200: 1533.1799999999996, 1681558200: 1512.3199999999997, 1681929900: 1505.1299999999997, 1682172000: 1549.4299999999996, 1682622000: 1547.2399999999996, 1682852400: 1572.1699999999996, 1683554400: 1546.2499999999995}"
73,Rotherham,40,1540.10,46,"{1659189600: 1620.0, 1660399200: 1614.01, 1660675500: 1630.53, 1661004000: 1639.69, 1661608800: 1639.26, 1661971500: 1650.9, 1662213600: 1622.13, 1663181100: 1615.21, 1663440300: 1636.04, 1664632800: 1639.03, 1664995500: 1598.32, 1665237600: 1591.6399999999999, 1665833400: 1565.86, 1666119600: 1581.1999999999998, 1666447200: 1610.7099999999998, 1666723500: 1563.7599999999998, 1667052000: 1572.7099999999998, 1667418300: 1556.4999999999998, 1667660400: 1551.6699999999998, 1667936700: 1530.59, 1668265200: 1565.53, 1670675400: 1574.91, 1671289200: 1536.71, 1672066800: 1519.67, 1672343100: 1518.26, 1672585200: 1499.16, 1673699400: 1486.5900000000001, 1674313200: 1527.8100000000002, 1675513800: 1537.6000000000001, 1676127600: 1547.3400000000001, 1676404800: 1550.93, 1676732400: 1536.24, 1677008700: 1503.58, 1677528000: 1528.6399999999999, 1677942000: 1535.2399999999998, 1678546800: 1551.1299999999999, 1678823100: 1523.1, 1680357600: 1501.6699999999998, 1680868800: 1511.2199999999998, 1681135200: 1543.6299999999999, 1681567200: 1555.1399999999999, 1681843500: 1533.6299999999999, 1682172000: 1546.9499999999998, 1682622000: 1534.7699999999998, 1682942400: 1509.8399999999997, 1683554400: 1536.9899999999998}"
71,Norwich,40,1540.09,91,"{1659189600: 1580.4, 1659785400: 1564.38, 1660070700: 1561.5500000000002, 1660399200: 1553.7400000000002, 1660675500: 1541.0700000000002, 1660935600: 1562.67, 1661280300: 1594.3400000000001, 1661599800: 1599.65, 1661885100: 1627.3700000000001, 1662213600: 1644.68, 1663181100: 1659.93, 1663423200: 1675.8400000000001, 1664632800: 1666.7700000000002, 1664910000: 1684.8100000000002, 1665237600: 1685.0600000000002, 1665859500: 1657.4500000000003, 1666118700: 1638.5500000000002, 1666447200: 1615.8500000000001, 1666724400: 1625.44, 1667052000: 1618.25, 1667418300: 1637.64, 1667660400: 1632.8600000000001, 1668265200: 1653.94, 1670684400: 1627.19, 1671298200: 1653.27, 1672083900: 1611.52, 1672429500: 1597.57, 1672671600: 1590.98, 1673186400: 1565.6100000000001, 1673708400: 1541.73, 1674304200: 1597.67, 1675513800: 1637.6000000000001, 1676127600: 1617.0300000000002, 1676403900: 1605.2300000000002, 1676732400: 1625.5300000000002, 1677008700: 1621.9300000000003, 1677337200: 1634.7900000000002, 1677942000: 1648.0200000000002, 1678622400: 1676.5000000000002, 1678909500: 1647.0200000000002, 1679151600: 1642.1700000000003, 1680357600: 1648.8900000000003, 1680876000: 1630.7500000000002, 1681135200: 1671.3300000000002, 1681498800: 1659.8200000000002, 1681929900: 1638.4500000000003, 1682172000: 1629.7400000000002, 1682785800: 1584.9600000000003, 1683554400: 1571.8300000000002}"
54,Birmingham,40,1506.19,96,"{1659189600: 1476.7, 1659725100: 1490.74, 1660070700: 1518.29, 1660390200: 1526.1, 1660675500: 1512.79, 1661004000: 1511.98, 1661608800: 1491.91, 1661885100: 1480.27, 1662213600: 1462.96, 1663182000: 1497.6200000000001, 1663423200: 1529.6000000000001, 1664632800: 1523.46, 1664995500: 1539.77, 1665237600: 1526.82, 1665928800: 1561.4199999999998, 1666205100: 1592.33, 1666447200: 1596.56, 1666983600: 1584.5, 1667418300: 1614.36, 1667660400: 1610.32, 1667936700: 1634.97, 1668196800: 1629.05, 1670684400: 1602.3999999999999, 1671220800: 1601.58, 1672171200: 1614.56, 1672429500: 1603.8899999999999, 1672671600: 1573.58, 1673708400: 1545.4099999999999, 1674313200: 1525.7299999999998, 1674918000: 1502.7099999999998, 1675194300: 1512.4499999999998, 1675522800: 1490.4599999999998, 1676059200: 1522.5599999999997, 1676403900: 1558.2099999999998, 1676732400: 1512.2199999999998, 1677008700: 1496.2299999999998, 1677337200: 1483.37, 1677942000: 1469.01, 1678546800: 1473.93, 1678823100: 1501.96, 1679151600: 1483.5, 1680357600: 1506.68, 1680876000: 1531.01, 1681135200: 1535.95, 1681567200: 1538.3500000000001, 1681844400: 1528.7700000000002, 1682172000: 1560.8400000000001, 1682776800: 1528.94, 1683554400: 1516.96}"
53,Reading,40,1498.27,95,"{1659189600: 1485.86, 1659794400: 1474.86, 1660399200: 1494.3799999999999, 1660762800: 1477.86, 1661004000: 1522.11, 1661608800: 1542.3899999999999, 1661885100: 1573.11, 1662289200: 1560.1, 1663182000: 1576.06, 1663423200: 1536.02, 1664632800: 1566.57, 1664910000: 1589.1599999999999, 1665169200: 1588.9099999999999, 1665842400: 1578.4199999999998, 1666118700: 1539.7499999999998, 1666447200: 1529.7499999999998, 1667052000: 1559.1299999999999, 1667331900: 1554.11, 1667592000: 1564.86, 1667937600: 1543.12, 1668265200: 1527.82, 1670680800: 1553.21, 1671220800: 1574.13, 1672161300: 1561.15, 1672429500: 1578.66, 1672671600: 1585.25, 1673094600: 1575.71, 1673708400: 1601.01, 1674313200: 1593.09, 1674936000: 1561.8, 1675522800: 1558.84, 1676127600: 1554.82, 1676404800: 1545.49, 1676664000: 1560.18, 1677337200: 1542.3300000000002, 1677942000: 1561.16, 1678219200: 1548.0400000000002, 1678546800: 1534.7100000000003, 1678909500: 1517.1200000000003, 1679151600: 1510.1300000000003, 1680357600: 1508.4300000000003, 1680876000: 1518.5800000000004, 1681135200: 1513.6400000000003, 1681567200: 1505.0400000000004, 1681930800: 1519.4300000000005, 1682172000: 1527.9600000000005, 1682776800: 1519.7000000000005, 1683554400: 1512.2700000000004}"
61,Wigan,40,1488.38,48,"{1659189600: 1620.0, 1659785400: 1614.86, 1660399200: 1617.6899999999998, 1661004000: 1610.82, 1661608800: 1630.8899999999999, 1661885100: 1588.57, 1662213600: 1585.48, 1663094700: 1615.58, 1663423200: 1639.79, 1664632800: 1609.24, 1664995500: 1649.95, 1665237600: 1625.03, 1665513900: 1581.6299999999999, 1665842400: 1597.6299999999999, 1666205100: 1584.9799999999998, 1666447200: 1535.7999999999997, 1667052000: 1527.7299999999998, 1667418300: 1507.0199999999998, 1667660400: 1484.9199999999998, 1667936700: 1497.4799999999998, 1668265200: 1485.5699999999997, 1670684400: 1500.9299999999996, 1671480000: 1513.0699999999997, 1672066800: 1500.6899999999996, 1672343100: 1487.8399999999997, 1672671600: 1458.8599999999997, 1673112600: 1421.5599999999997, 1673708400: 1437.3599999999997, 1673984700: 1447.2399999999998, 1674313200: 1433.1799999999998, 1675713600: 1414.2399999999998, 1676127600: 1427.7599999999998, 1676490300: 1447.4199999999998, 1676732400: 1462.2899999999997, 1677337200: 1465.8899999999996, 1677942000: 1456.1799999999996, 1678219200: 1451.2599999999995, 1678546800: 1444.6099999999994, 1678823100: 1441.8999999999994, 1679151600: 1449.2499999999993, 1680357600: 1461.5699999999993, 1680876000: 1473.6499999999992, 1681135200: 1470.479999999999, 1681567200: 1439.849999999999, 1681843500: 1424.999999999999, 1682172000: 1459.549999999999, 1682776800: 1484.059999999999, 1683554400: 1491.489999999999}"
1356,Blackpool,40,1469.71,95,"{1659189600: 1554.22, 1659794400: 1565.22, 1660399200: 1546.15, 1660676400: 1522.02, 1661004000: 1549.56, 1661608800: 1561.85, 1661972400: 1560.77, 1662300000: 1536.37, 1663181100: 1566.03, 1663423200: 1545.2, 1664632800: 1532.5800000000002, 1664909100: 1514.5400000000002, 1665237600: 1526.6700000000003, 1665842400: 1554.7800000000002, 1666205100: 1568.1000000000001, 1666438200: 1520.88, 1667052000: 1552.21, 1667332800: 1581.28, 1667660400: 1564.33, 1667936700: 1543.6299999999999, 1668265200: 1503.4399999999998, 1670684400: 1488.08, 1671289200: 1488.8999999999999, 1672066800: 1496.59, 1672344900: 1503.01, 1672585200: 1492.34, 1673103600: 1497.1299999999999, 1673708400: 1552.9399999999998, 1674918000: 1534.6, 1675522800: 1528.34, 1675799100: 1516.0, 1676127600: 1510.41, 1676490300: 1506.8200000000002, 1676732400: 1496.5700000000002, 1677008700: 1516.0600000000002, 1677337200: 1506.42, 1677942000: 1487.5900000000001, 1678537800: 1502.17, 1678823100: 1489.6100000000001, 1679151600: 1515.9, 1680348600: 1486.15, 1680876000: 1472.88, 1681135200: 1436.41, 1681567200: 1431.3600000000001, 1681843500: 1446.21, 1682172000: 1422.64, 1682708400: 1454.5400000000002, 1683554400: 1437.9700000000003}"
72,QPR,40,1430.66,94,"{1659189600: 1540.4, 1659794400: 1529.13, 1660399200: 1549.99, 1660676400: 1559.81, 1661004000: 1532.27, 1661608800: 1532.7, 1661885100: 1562.0800000000002, 1662213600: 1586.5700000000002, 1663181100: 1570.5400000000002, 1663423200: 1612.8500000000001, 1664632800: 1607.4, 1664909100: 1635.71, 1665169200: 1668.68, 1665833400: 1679.17, 1666205100: 1656.76, 1666447200: 1674.78, 1666983600: 1682.85, 1667418300: 1652.99, 1667660400: 1657.77, 1667936700: 1627.12, 1668265200: 1596.78, 1670763600: 1579.34, 1671289200: 1555.2099999999998, 1672074900: 1585.9899999999998, 1672336800: 1588.0499999999997, 1672689600: 1547.6399999999996, 1673708400: 1555.3699999999997, 1674313200: 1563.2899999999997, 1674918000: 1561.5099999999998, 1675522800: 1534.9699999999998, 1676127600: 1539.8299999999997, 1676403900: 1520.2999999999997, 1676732400: 1490.3599999999997, 1677337200: 1484.3699999999997, 1677942000: 1457.8599999999997, 1678546800: 1441.9699999999996, 1678823100: 1465.4999999999995, 1679151600: 1439.2099999999996, 1680357600: 1416.0299999999995, 1680876000: 1403.9499999999996, 1681135200: 1383.4699999999996, 1681567200: 1398.0899999999995, 1681929900: 1376.3699999999994, 1682172000: 1385.0799999999995, 1682776800: 1423.9899999999996, 1683554400: 1457.6299999999997}"
